series,m,n,algorithm,seed,elapsed_s,raw_fitness,fitness_display,potency,operativeness,resource_saving,max_k,constraint_satisfied,has_layout,raw_fitness_s0,potency_s0,operativeness_s0,resource_saving_s0,delta_f_vs_s0,delta_p_vs_s0,delta_o_vs_s0,delta_r_vs_s0,brute_force_available,omega_size,delta_f_vs_brute_force
feasible,5,1,NSGA-II,0,2.4710591990005923,0.031819591230794884,0.031819591230794884,0.07504292977583424,0.014252877462800104,0.006162966453750318,5,True,True,0.024599421648342126,0.03595807051758724,0.007363986689113387,0.030476207738325756,0.007220169582452758,0.039084859258247,0.006888890773686717,-0.02431324128457544,True,16,0.0
feasible,5,1,BruteForce,0,0.008818279005936347,0.031819591230794884,0.031819591230794884,0.07504292977583424,0.014252877462800104,0.006162966453750318,5,True,True,0.024599421648342126,0.03595807051758724,0.007363986689113387,0.030476207738325756,0.007220169582452758,0.039084859258247,0.006888890773686717,-0.02431324128457544,True,16,0.0
feasible,5,1,GA,0,0.5886702659990988,0.031819591230794884,0.031819591230794884,0.07504292977583424,0.014252877462800104,0.006162966453750318,5,True,True,0.024599421648342126,0.03595807051758724,0.007363986689113387,0.030476207738325756,0.007220169582452758,0.039084859258247,0.006888890773686717,-0.02431324128457544,True,16,0.0
feasible,5,1,HillClimb,0,0.022742456996638793,0.031819591230794884,0.031819591230794884,0.07504292977583424,0.014252877462800104,0.006162966453750318,5,True,True,0.024599421648342126,0.03595807051758724,0.007363986689113387,0.030476207738325756,0.007220169582452758,0.039084859258247,0.006888890773686717,-0.02431324128457544,True,16,0.0
feasible,5,1,PSO,0,0.9184889600001043,0.031819591230794884,0.031819591230794884,0.07504292977583424,0.014252877462800104,0.006162966453750318,5,True,True,0.024599421648342126,0.03595807051758724,0.007363986689113387,0.030476207738325756,0.007220169582452758,0.039084859258247,0.006888890773686717,-0.02431324128457544,True,16,0.0
feasible,5,1,Random,0,0.12113832400063984,0.031819591230794884,0.031819591230794884,0.07504292977583424,0.014252877462800104,0.006162966453750318,5,True,True,0.024599421648342126,0.03595807051758724,0.007363986689113387,0.030476207738325756,0.007220169582452758,0.039084859258247,0.006888890773686717,-0.02431324128457544,True,16,0.0
feasible,5,1,Greedy,0,0.008735339004488196,0.031819591230794884,0.031819591230794884,0.07504292977583424,0.014252877462800104,0.006162966453750318,5,True,True,0.024599421648342126,0.03595807051758724,0.007363986689113387,0.030476207738325756,0.007220169582452758,0.039084859258247,0.006888890773686717,-0.02431324128457544,True,16,0.0
feasible,5,1,SA,0,0.18952800999977626,0.031819591230794884,0.031819591230794884,0.07504292977583424,0.014252877462800104,0.006162966453750318,5,True,True,0.024599421648342126,0.03595807051758724,0.007363986689113387,0.030476207738325756,0.007220169582452758,0.039084859258247,0.006888890773686717,-0.02431324128457544,True,16,0.0
feasible,5,1,Tabu,0,0.4888379350013565,0.031819591230794884,0.031819591230794884,0.07504292977583424,0.014252877462800104,0.006162966453750318,5,True,True,0.024599421648342126,0.03595807051758724,0.007363986689113387,0.030476207738325756,0.007220169582452758,0.039084859258247,0.006888890773686717,-0.02431324128457544,True,16,0.0
feasible,5,1,ACO,0,0.6888946540057077,0.031819591230794884,0.031819591230794884,0.07504292977583424,0.014252877462800104,0.006162966453750318,5,True,True,0.024599421648342126,0.03595807051758724,0.007363986689113387,0.030476207738325756,0.007220169582452758,0.039084859258247,0.006888890773686717,-0.02431324128457544,True,16,0.0
feasible,5,1,NSGA-II,1,2.4407282800020766,0.031819591230794884,0.031819591230794884,0.07504292977583424,0.014252877462800104,0.006162966453750318,5,True,True,0.024599421648342126,0.03595807051758724,0.007363986689113387,0.030476207738325756,0.007220169582452758,0.039084859258247,0.006888890773686717,-0.02431324128457544,True,16,0.0
feasible,5,1,BruteForce,1,0.008970868999313097,0.031819591230794884,0.031819591230794884,0.07504292977583424,0.014252877462800104,0.006162966453750318,5,True,True,0.024599421648342126,0.03595807051758724,0.007363986689113387,0.030476207738325756,0.007220169582452758,0.039084859258247,0.006888890773686717,-0.02431324128457544,True,16,0.0
feasible,5,1,GA,1,0.5641682140048943,0.031819591230794884,0.031819591230794884,0.07504292977583424,0.014252877462800104,0.006162966453750318,5,True,True,0.024599421648342126,0.03595807051758724,0.007363986689113387,0.030476207738325756,0.007220169582452758,0.039084859258247,0.006888890773686717,-0.02431324128457544,True,16,0.0
feasible,5,1,HillClimb,1,0.022109202996944077,0.031819591230794884,0.031819591230794884,0.07504292977583424,0.014252877462800104,0.006162966453750318,5,True,True,0.024599421648342126,0.03595807051758724,0.007363986689113387,0.030476207738325756,0.007220169582452758,0.039084859258247,0.006888890773686717,-0.02431324128457544,True,16,0.0
feasible,5,1,PSO,1,0.9162858120034798,0.031819591230794884,0.031819591230794884,0.07504292977583424,0.014252877462800104,0.006162966453750318,5,True,True,0.024599421648342126,0.03595807051758724,0.007363986689113387,0.030476207738325756,0.007220169582452758,0.039084859258247,0.006888890773686717,-0.02431324128457544,True,16,0.0
feasible,5,1,Random,1,0.12608529600402107,0.031819591230794884,0.031819591230794884,0.07504292977583424,0.014252877462800104,0.006162966453750318,5,True,True,0.024599421648342126,0.03595807051758724,0.007363986689113387,0.030476207738325756,0.007220169582452758,0.039084859258247,0.006888890773686717,-0.02431324128457544,True,16,0.0
feasible,5,1,Greedy,1,0.009027460997458547,0.031819591230794884,0.031819591230794884,0.07504292977583424,0.014252877462800104,0.006162966453750318,5,True,True,0.024599421648342126,0.03595807051758724,0.007363986689113387,0.030476207738325756,0.007220169582452758,0.039084859258247,0.006888890773686717,-0.02431324128457544,True,16,0.0
feasible,5,1,SA,1,0.18984005600214005,0.031819591230794884,0.031819591230794884,0.07504292977583424,0.014252877462800104,0.006162966453750318,5,True,True,0.024599421648342126,0.03595807051758724,0.007363986689113387,0.030476207738325756,0.007220169582452758,0.039084859258247,0.006888890773686717,-0.02431324128457544,True,16,0.0
feasible,5,1,Tabu,1,0.48245081099594245,0.031819591230794884,0.031819591230794884,0.07504292977583424,0.014252877462800104,0.006162966453750318,5,True,True,0.024599421648342126,0.03595807051758724,0.007363986689113387,0.030476207738325756,0.007220169582452758,0.039084859258247,0.006888890773686717,-0.02431324128457544,True,16,0.0
feasible,5,1,ACO,1,0.7856609420050518,0.031819591230794884,0.031819591230794884,0.07504292977583424,0.014252877462800104,0.006162966453750318,5,True,True,0.024599421648342126,0.03595807051758724,0.007363986689113387,0.030476207738325756,0.007220169582452758,0.039084859258247,0.006888890773686717,-0.02431324128457544,True,16,0.0
feasible,5,1,NSGA-II,2,2.5561382209998555,0.031819591230794884,0.031819591230794884,0.07504292977583424,0.014252877462800104,0.006162966453750318,5,True,True,0.024599421648342126,0.03595807051758724,0.007363986689113387,0.030476207738325756,0.007220169582452758,0.039084859258247,0.006888890773686717,-0.02431324128457544,True,16,0.0
feasible,5,1,BruteForce,2,0.009819631995924283,0.031819591230794884,0.031819591230794884,0.07504292977583424,0.014252877462800104,0.006162966453750318,5,True,True,0.024599421648342126,0.03595807051758724,0.007363986689113387,0.030476207738325756,0.007220169582452758,0.039084859258247,0.006888890773686717,-0.02431324128457544,True,16,0.0
feasible,5,1,GA,2,0.5893625840035384,0.031819591230794884,0.031819591230794884,0.07504292977583424,0.014252877462800104,0.006162966453750318,5,True,True,0.024599421648342126,0.03595807051758724,0.007363986689113387,0.030476207738325756,0.007220169582452758,0.039084859258247,0.006888890773686717,-0.02431324128457544,True,16,0.0
feasible,5,1,HillClimb,2,0.023372476003714837,0.031819591230794884,0.031819591230794884,0.07504292977583424,0.014252877462800104,0.006162966453750318,5,True,True,0.024599421648342126,0.03595807051758724,0.007363986689113387,0.030476207738325756,0.007220169582452758,0.039084859258247,0.006888890773686717,-0.02431324128457544,True,16,0.0
feasible,5,1,PSO,2,0.9347386080044089,0.031819591230794884,0.031819591230794884,0.07504292977583424,0.014252877462800104,0.006162966453750318,5,True,True,0.024599421648342126,0.03595807051758724,0.007363986689113387,0.030476207738325756,0.007220169582452758,0.039084859258247,0.006888890773686717,-0.02431324128457544,True,16,0.0
feasible,5,1,Random,2,0.12694645400188165,0.031819591230794884,0.031819591230794884,0.07504292977583424,0.014252877462800104,0.006162966453750318,5,True,True,0.024599421648342126,0.03595807051758724,0.007363986689113387,0.030476207738325756,0.007220169582452758,0.039084859258247,0.006888890773686717,-0.02431324128457544,True,16,0.0
feasible,5,1,Greedy,2,0.009285053994972259,0.031819591230794884,0.031819591230794884,0.07504292977583424,0.014252877462800104,0.006162966453750318,5,True,True,0.024599421648342126,0.03595807051758724,0.007363986689113387,0.030476207738325756,0.007220169582452758,0.039084859258247,0.006888890773686717,-0.02431324128457544,True,16,0.0
feasible,5,1,SA,2,0.18886289200600004,0.031819591230794884,0.031819591230794884,0.07504292977583424,0.014252877462800104,0.006162966453750318,5,True,True,0.024599421648342126,0.03595807051758724,0.007363986689113387,0.030476207738325756,0.007220169582452758,0.039084859258247,0.006888890773686717,-0.02431324128457544,True,16,0.0
feasible,5,1,Tabu,2,0.4970397389988648,0.031819591230794884,0.031819591230794884,0.07504292977583424,0.014252877462800104,0.006162966453750318,5,True,True,0.024599421648342126,0.03595807051758724,0.007363986689113387,0.030476207738325756,0.007220169582452758,0.039084859258247,0.006888890773686717,-0.02431324128457544,True,16,0.0
feasible,5,1,ACO,2,0.8523835810046876,0.031819591230794884,0.031819591230794884,0.07504292977583424,0.014252877462800104,0.006162966453750318,5,True,True,0.024599421648342126,0.03595807051758724,0.007363986689113387,0.030476207738325756,0.007220169582452758,0.039084859258247,0.006888890773686717,-0.02431324128457544,True,16,0.0
feasible,5,1,NSGA-II,3,2.5182767570004216,0.031819591230794884,0.031819591230794884,0.07504292977583424,0.014252877462800104,0.006162966453750318,5,True,True,0.024599421648342126,0.03595807051758724,0.007363986689113387,0.030476207738325756,0.007220169582452758,0.039084859258247,0.006888890773686717,-0.02431324128457544,True,16,0.0
feasible,5,1,BruteForce,3,0.012665816000662744,0.031819591230794884,0.031819591230794884,0.07504292977583424,0.014252877462800104,0.006162966453750318,5,True,True,0.024599421648342126,0.03595807051758724,0.007363986689113387,0.030476207738325756,0.007220169582452758,0.039084859258247,0.006888890773686717,-0.02431324128457544,True,16,0.0
feasible,5,1,GA,3,0.7130012120032916,0.031819591230794884,0.031819591230794884,0.07504292977583424,0.014252877462800104,0.006162966453750318,5,True,True,0.024599421648342126,0.03595807051758724,0.007363986689113387,0.030476207738325756,0.007220169582452758,0.039084859258247,0.006888890773686717,-0.02431324128457544,True,16,0.0
feasible,5,1,HillClimb,3,0.02328965099877678,0.031819591230794884,0.031819591230794884,0.07504292977583424,0.014252877462800104,0.006162966453750318,5,True,True,0.024599421648342126,0.03595807051758724,0.007363986689113387,0.030476207738325756,0.007220169582452758,0.039084859258247,0.006888890773686717,-0.02431324128457544,True,16,0.0
feasible,5,1,PSO,3,0.9645168930001091,0.031819591230794884,0.031819591230794884,0.07504292977583424,0.014252877462800104,0.006162966453750318,5,True,True,0.024599421648342126,0.03595807051758724,0.007363986689113387,0.030476207738325756,0.007220169582452758,0.039084859258247,0.006888890773686717,-0.02431324128457544,True,16,0.0
feasible,5,1,Random,3,0.12252285100112204,0.031819591230794884,0.031819591230794884,0.07504292977583424,0.014252877462800104,0.006162966453750318,5,True,True,0.024599421648342126,0.03595807051758724,0.007363986689113387,0.030476207738325756,0.007220169582452758,0.039084859258247,0.006888890773686717,-0.02431324128457544,True,16,0.0
feasible,5,1,Greedy,3,0.008772816996497568,0.031819591230794884,0.031819591230794884,0.07504292977583424,0.014252877462800104,0.006162966453750318,5,True,True,0.024599421648342126,0.03595807051758724,0.007363986689113387,0.030476207738325756,0.007220169582452758,0.039084859258247,0.006888890773686717,-0.02431324128457544,True,16,0.0
feasible,5,1,SA,3,0.18443939500139095,0.031819591230794884,0.031819591230794884,0.07504292977583424,0.014252877462800104,0.006162966453750318,5,True,True,0.024599421648342126,0.03595807051758724,0.007363986689113387,0.030476207738325756,0.007220169582452758,0.039084859258247,0.006888890773686717,-0.02431324128457544,True,16,0.0
feasible,5,1,Tabu,3,0.4803818410000531,0.031819591230794884,0.031819591230794884,0.07504292977583424,0.014252877462800104,0.006162966453750318,5,True,True,0.024599421648342126,0.03595807051758724,0.007363986689113387,0.030476207738325756,0.007220169582452758,0.039084859258247,0.006888890773686717,-0.02431324128457544,True,16,0.0
feasible,5,1,ACO,3,0.7248425950019737,0.031819591230794884,0.031819591230794884,0.07504292977583424,0.014252877462800104,0.006162966453750318,5,True,True,0.024599421648342126,0.03595807051758724,0.007363986689113387,0.030476207738325756,0.007220169582452758,0.039084859258247,0.006888890773686717,-0.02431324128457544,True,16,0.0
feasible,5,1,NSGA-II,4,2.615594640999916,0.031819591230794884,0.031819591230794884,0.07504292977583424,0.014252877462800104,0.006162966453750318,5,True,True,0.024599421648342126,0.03595807051758724,0.007363986689113387,0.030476207738325756,0.007220169582452758,0.039084859258247,0.006888890773686717,-0.02431324128457544,True,16,0.0
feasible,5,1,BruteForce,4,0.009432213999389205,0.031819591230794884,0.031819591230794884,0.07504292977583424,0.014252877462800104,0.006162966453750318,5,True,True,0.024599421648342126,0.03595807051758724,0.007363986689113387,0.030476207738325756,0.007220169582452758,0.039084859258247,0.006888890773686717,-0.02431324128457544,True,16,0.0
feasible,5,1,GA,4,0.5921793300003628,0.031819591230794884,0.031819591230794884,0.07504292977583424,0.014252877462800104,0.006162966453750318,5,True,True,0.024599421648342126,0.03595807051758724,0.007363986689113387,0.030476207738325756,0.007220169582452758,0.039084859258247,0.006888890773686717,-0.02431324128457544,True,16,0.0
feasible,5,1,HillClimb,4,0.022957172004680615,0.031819591230794884,0.031819591230794884,0.07504292977583424,0.014252877462800104,0.006162966453750318,5,True,True,0.024599421648342126,0.03595807051758724,0.007363986689113387,0.030476207738325756,0.007220169582452758,0.039084859258247,0.006888890773686717,-0.02431324128457544,True,16,0.0
feasible,5,1,PSO,4,0.9379634159995476,0.031819591230794884,0.031819591230794884,0.07504292977583424,0.014252877462800104,0.006162966453750318,5,True,True,0.024599421648342126,0.03595807051758724,0.007363986689113387,0.030476207738325756,0.007220169582452758,0.039084859258247,0.006888890773686717,-0.02431324128457544,True,16,0.0
feasible,5,1,Random,4,0.12567793099879054,0.031819591230794884,0.031819591230794884,0.07504292977583424,0.014252877462800104,0.006162966453750318,5,True,True,0.024599421648342126,0.03595807051758724,0.007363986689113387,0.030476207738325756,0.007220169582452758,0.039084859258247,0.006888890773686717,-0.02431324128457544,True,16,0.0
feasible,5,1,Greedy,4,0.009028346001286991,0.031819591230794884,0.031819591230794884,0.07504292977583424,0.014252877462800104,0.006162966453750318,5,True,True,0.024599421648342126,0.03595807051758724,0.007363986689113387,0.030476207738325756,0.007220169582452758,0.039084859258247,0.006888890773686717,-0.02431324128457544,True,16,0.0
feasible,5,1,SA,4,0.187946637001005,0.031819591230794884,0.031819591230794884,0.07504292977583424,0.014252877462800104,0.006162966453750318,5,True,True,0.024599421648342126,0.03595807051758724,0.007363986689113387,0.030476207738325756,0.007220169582452758,0.039084859258247,0.006888890773686717,-0.02431324128457544,True,16,0.0
feasible,5,1,Tabu,4,0.48422054600086994,0.031819591230794884,0.031819591230794884,0.07504292977583424,0.014252877462800104,0.006162966453750318,5,True,True,0.024599421648342126,0.03595807051758724,0.007363986689113387,0.030476207738325756,0.007220169582452758,0.039084859258247,0.006888890773686717,-0.02431324128457544,True,16,0.0
feasible,5,1,ACO,4,0.7098011080015567,0.031819591230794884,0.031819591230794884,0.07504292977583424,0.014252877462800104,0.006162966453750318,5,True,True,0.024599421648342126,0.03595807051758724,0.007363986689113387,0.030476207738325756,0.007220169582452758,0.039084859258247,0.006888890773686717,-0.02431324128457544,True,16,0.0
feasible,5,1,NSGA-II,5,2.5236625209945487,0.031819591230794884,0.031819591230794884,0.07504292977583424,0.014252877462800104,0.006162966453750318,5,True,True,0.024599421648342126,0.03595807051758724,0.007363986689113387,0.030476207738325756,0.007220169582452758,0.039084859258247,0.006888890773686717,-0.02431324128457544,True,16,0.0
feasible,5,1,BruteForce,5,0.008714663999853656,0.031819591230794884,0.031819591230794884,0.07504292977583424,0.014252877462800104,0.006162966453750318,5,True,True,0.024599421648342126,0.03595807051758724,0.007363986689113387,0.030476207738325756,0.007220169582452758,0.039084859258247,0.006888890773686717,-0.02431324128457544,True,16,0.0
feasible,5,1,GA,5,0.5330108050038689,0.031819591230794884,0.031819591230794884,0.07504292977583424,0.014252877462800104,0.006162966453750318,5,True,True,0.024599421648342126,0.03595807051758724,0.007363986689113387,0.030476207738325756,0.007220169582452758,0.039084859258247,0.006888890773686717,-0.02431324128457544,True,16,0.0
feasible,5,1,HillClimb,5,0.022795210003096145,0.031819591230794884,0.031819591230794884,0.07504292977583424,0.014252877462800104,0.006162966453750318,5,True,True,0.024599421648342126,0.03595807051758724,0.007363986689113387,0.030476207738325756,0.007220169582452758,0.039084859258247,0.006888890773686717,-0.02431324128457544,True,16,0.0
feasible,5,1,PSO,5,0.8482435409969185,0.031819591230794884,0.031819591230794884,0.07504292977583424,0.014252877462800104,0.006162966453750318,5,True,True,0.024599421648342126,0.03595807051758724,0.007363986689113387,0.030476207738325756,0.007220169582452758,0.039084859258247,0.006888890773686717,-0.02431324128457544,True,16,0.0
feasible,5,1,Random,5,0.11414788699767087,0.031819591230794884,0.031819591230794884,0.07504292977583424,0.014252877462800104,0.006162966453750318,5,True,True,0.024599421648342126,0.03595807051758724,0.007363986689113387,0.030476207738325756,0.007220169582452758,0.039084859258247,0.006888890773686717,-0.02431324128457544,True,16,0.0
feasible,5,1,Greedy,5,0.007891301000199746,0.031819591230794884,0.031819591230794884,0.07504292977583424,0.014252877462800104,0.006162966453750318,5,True,True,0.024599421648342126,0.03595807051758724,0.007363986689113387,0.030476207738325756,0.007220169582452758,0.039084859258247,0.006888890773686717,-0.02431324128457544,True,16,0.0
feasible,5,1,SA,5,0.17939485399983823,0.031819591230794884,0.031819591230794884,0.07504292977583424,0.014252877462800104,0.006162966453750318,5,True,True,0.024599421648342126,0.03595807051758724,0.007363986689113387,0.030476207738325756,0.007220169582452758,0.039084859258247,0.006888890773686717,-0.02431324128457544,True,16,0.0
feasible,5,1,Tabu,5,0.44232701099826954,0.031819591230794884,0.031819591230794884,0.07504292977583424,0.014252877462800104,0.006162966453750318,5,True,True,0.024599421648342126,0.03595807051758724,0.007363986689113387,0.030476207738325756,0.007220169582452758,0.039084859258247,0.006888890773686717,-0.02431324128457544,True,16,0.0
feasible,5,1,ACO,5,0.6615293249997194,0.031819591230794884,0.031819591230794884,0.07504292977583424,0.014252877462800104,0.006162966453750318,5,True,True,0.024599421648342126,0.03595807051758724,0.007363986689113387,0.030476207738325756,0.007220169582452758,0.039084859258247,0.006888890773686717,-0.02431324128457544,True,16,0.0
feasible,5,1,NSGA-II,6,2.312814755998261,0.031819591230794884,0.031819591230794884,0.07504292977583424,0.014252877462800104,0.006162966453750318,5,True,True,0.024599421648342126,0.03595807051758724,0.007363986689113387,0.030476207738325756,0.007220169582452758,0.039084859258247,0.006888890773686717,-0.02431324128457544,True,16,0.0
feasible,5,1,BruteForce,6,0.008528931000910234,0.031819591230794884,0.031819591230794884,0.07504292977583424,0.014252877462800104,0.006162966453750318,5,True,True,0.024599421648342126,0.03595807051758724,0.007363986689113387,0.030476207738325756,0.007220169582452758,0.039084859258247,0.006888890773686717,-0.02431324128457544,True,16,0.0
feasible,5,1,GA,6,0.5084878699999535,0.031819591230794884,0.031819591230794884,0.07504292977583424,0.014252877462800104,0.006162966453750318,5,True,True,0.024599421648342126,0.03595807051758724,0.007363986689113387,0.030476207738325756,0.007220169582452758,0.039084859258247,0.006888890773686717,-0.02431324128457544,True,16,0.0
feasible,5,1,HillClimb,6,0.021121204998053145,0.031819591230794884,0.031819591230794884,0.07504292977583424,0.014252877462800104,0.006162966453750318,5,True,True,0.024599421648342126,0.03595807051758724,0.007363986689113387,0.030476207738325756,0.007220169582452758,0.039084859258247,0.006888890773686717,-0.02431324128457544,True,16,0.0
feasible,5,1,PSO,6,0.8399730029996135,0.031819591230794884,0.031819591230794884,0.07504292977583424,0.014252877462800104,0.006162966453750318,5,True,True,0.024599421648342126,0.03595807051758724,0.007363986689113387,0.030476207738325756,0.007220169582452758,0.039084859258247,0.006888890773686717,-0.02431324128457544,True,16,0.0
feasible,5,1,Random,6,0.11232009300147183,0.031819591230794884,0.031819591230794884,0.07504292977583424,0.014252877462800104,0.006162966453750318,5,True,True,0.024599421648342126,0.03595807051758724,0.007363986689113387,0.030476207738325756,0.007220169582452758,0.039084859258247,0.006888890773686717,-0.02431324128457544,True,16,0.0
feasible,5,1,Greedy,6,0.007521678999182768,0.031819591230794884,0.031819591230794884,0.07504292977583424,0.014252877462800104,0.006162966453750318,5,True,True,0.024599421648342126,0.03595807051758724,0.007363986689113387,0.030476207738325756,0.007220169582452758,0.039084859258247,0.006888890773686717,-0.02431324128457544,True,16,0.0
feasible,5,1,SA,6,0.164863810998213,0.031819591230794884,0.031819591230794884,0.07504292977583424,0.014252877462800104,0.006162966453750318,5,True,True,0.024599421648342126,0.03595807051758724,0.007363986689113387,0.030476207738325756,0.007220169582452758,0.039084859258247,0.006888890773686717,-0.02431324128457544,True,16,0.0
feasible,5,1,Tabu,6,0.4217439780040877,0.031819591230794884,0.031819591230794884,0.07504292977583424,0.014252877462800104,0.006162966453750318,5,True,True,0.024599421648342126,0.03595807051758724,0.007363986689113387,0.030476207738325756,0.007220169582452758,0.039084859258247,0.006888890773686717,-0.02431324128457544,True,16,0.0
feasible,5,1,ACO,6,0.6084685020032339,0.031819591230794884,0.031819591230794884,0.07504292977583424,0.014252877462800104,0.006162966453750318,5,True,True,0.024599421648342126,0.03595807051758724,0.007363986689113387,0.030476207738325756,0.007220169582452758,0.039084859258247,0.006888890773686717,-0.02431324128457544,True,16,0.0
feasible,5,1,NSGA-II,7,2.232398314998136,0.031819591230794884,0.031819591230794884,0.07504292977583424,0.014252877462800104,0.006162966453750318,5,True,True,0.024599421648342126,0.03595807051758724,0.007363986689113387,0.030476207738325756,0.007220169582452758,0.039084859258247,0.006888890773686717,-0.02431324128457544,True,16,0.0
feasible,5,1,BruteForce,7,0.009610474997316487,0.031819591230794884,0.031819591230794884,0.07504292977583424,0.014252877462800104,0.006162966453750318,5,True,True,0.024599421648342126,0.03595807051758724,0.007363986689113387,0.030476207738325756,0.007220169582452758,0.039084859258247,0.006888890773686717,-0.02431324128457544,True,16,0.0
feasible,5,1,GA,7,0.5736162370012607,0.031819591230794884,0.031819591230794884,0.07504292977583424,0.014252877462800104,0.006162966453750318,5,True,True,0.024599421648342126,0.03595807051758724,0.007363986689113387,0.030476207738325756,0.007220169582452758,0.039084859258247,0.006888890773686717,-0.02431324128457544,True,16,0.0
feasible,5,1,HillClimb,7,0.0198361080038012,0.031819591230794884,0.031819591230794884,0.07504292977583424,0.014252877462800104,0.006162966453750318,5,True,True,0.024599421648342126,0.03595807051758724,0.007363986689113387,0.030476207738325756,0.007220169582452758,0.039084859258247,0.006888890773686717,-0.02431324128457544,True,16,0.0
feasible,5,1,PSO,7,0.927344196003105,0.031819591230794884,0.031819591230794884,0.07504292977583424,0.014252877462800104,0.006162966453750318,5,True,True,0.024599421648342126,0.03595807051758724,0.007363986689113387,0.030476207738325756,0.007220169582452758,0.039084859258247,0.006888890773686717,-0.02431324128457544,True,16,0.0
feasible,5,1,Random,7,0.14613390099839307,0.031819591230794884,0.031819591230794884,0.07504292977583424,0.014252877462800104,0.006162966453750318,5,True,True,0.024599421648342126,0.03595807051758724,0.007363986689113387,0.030476207738325756,0.007220169582452758,0.039084859258247,0.006888890773686717,-0.02431324128457544,True,16,0.0
feasible,5,1,Greedy,7,0.010787608996906783,0.031819591230794884,0.031819591230794884,0.07504292977583424,0.014252877462800104,0.006162966453750318,5,True,True,0.024599421648342126,0.03595807051758724,0.007363986689113387,0.030476207738325756,0.007220169582452758,0.039084859258247,0.006888890773686717,-0.02431324128457544,True,16,0.0
feasible,5,1,SA,7,0.23079845399479382,0.031819591230794884,0.031819591230794884,0.07504292977583424,0.014252877462800104,0.006162966453750318,5,True,True,0.024599421648342126,0.03595807051758724,0.007363986689113387,0.030476207738325756,0.007220169582452758,0.039084859258247,0.006888890773686717,-0.02431324128457544,True,16,0.0
feasible,5,1,Tabu,7,0.5103818159986986,0.031819591230794884,0.031819591230794884,0.07504292977583424,0.014252877462800104,0.006162966453750318,5,True,True,0.024599421648342126,0.03595807051758724,0.007363986689113387,0.030476207738325756,0.007220169582452758,0.039084859258247,0.006888890773686717,-0.02431324128457544,True,16,0.0
feasible,5,1,ACO,7,0.6545876140007749,0.031819591230794884,0.031819591230794884,0.07504292977583424,0.014252877462800104,0.006162966453750318,5,True,True,0.024599421648342126,0.03595807051758724,0.007363986689113387,0.030476207738325756,0.007220169582452758,0.039084859258247,0.006888890773686717,-0.02431324128457544,True,16,0.0
feasible,5,1,NSGA-II,8,2.394820740002615,0.031819591230794884,0.031819591230794884,0.07504292977583424,0.014252877462800104,0.006162966453750318,5,True,True,0.024599421648342126,0.03595807051758724,0.007363986689113387,0.030476207738325756,0.007220169582452758,0.039084859258247,0.006888890773686717,-0.02431324128457544,True,16,0.0
feasible,5,1,BruteForce,8,0.009469759999774396,0.031819591230794884,0.031819591230794884,0.07504292977583424,0.014252877462800104,0.006162966453750318,5,True,True,0.024599421648342126,0.03595807051758724,0.007363986689113387,0.030476207738325756,0.007220169582452758,0.039084859258247,0.006888890773686717,-0.02431324128457544,True,16,0.0
feasible,5,1,GA,8,0.5228660869979649,0.031819591230794884,0.031819591230794884,0.07504292977583424,0.014252877462800104,0.006162966453750318,5,True,True,0.024599421648342126,0.03595807051758724,0.007363986689113387,0.030476207738325756,0.007220169582452758,0.039084859258247,0.006888890773686717,-0.02431324128457544,True,16,0.0
feasible,5,1,HillClimb,8,0.020031675994687248,0.031819591230794884,0.031819591230794884,0.07504292977583424,0.014252877462800104,0.006162966453750318,5,True,True,0.024599421648342126,0.03595807051758724,0.007363986689113387,0.030476207738325756,0.007220169582452758,0.039084859258247,0.006888890773686717,-0.02431324128457544,True,16,0.0
feasible,5,1,PSO,8,0.9037563309975667,0.031819591230794884,0.031819591230794884,0.07504292977583424,0.014252877462800104,0.006162966453750318,5,True,True,0.024599421648342126,0.03595807051758724,0.007363986689113387,0.030476207738325756,0.007220169582452758,0.039084859258247,0.006888890773686717,-0.02431324128457544,True,16,0.0
feasible,5,1,Random,8,0.1085427600046387,0.031819591230794884,0.031819591230794884,0.07504292977583424,0.014252877462800104,0.006162966453750318,5,True,True,0.024599421648342126,0.03595807051758724,0.007363986689113387,0.030476207738325756,0.007220169582452758,0.039084859258247,0.006888890773686717,-0.02431324128457544,True,16,0.0
feasible,5,1,Greedy,8,0.007372731000941712,0.031819591230794884,0.031819591230794884,0.07504292977583424,0.014252877462800104,0.006162966453750318,5,True,True,0.024599421648342126,0.03595807051758724,0.007363986689113387,0.030476207738325756,0.007220169582452758,0.039084859258247,0.006888890773686717,-0.02431324128457544,True,16,0.0
feasible,5,1,SA,8,0.16337204299634323,0.031819591230794884,0.031819591230794884,0.07504292977583424,0.014252877462800104,0.006162966453750318,5,True,True,0.024599421648342126,0.03595807051758724,0.007363986689113387,0.030476207738325756,0.007220169582452758,0.039084859258247,0.006888890773686717,-0.02431324128457544,True,16,0.0
feasible,5,1,Tabu,8,0.42336936500214506,0.031819591230794884,0.031819591230794884,0.07504292977583424,0.014252877462800104,0.006162966453750318,5,True,True,0.024599421648342126,0.03595807051758724,0.007363986689113387,0.030476207738325756,0.007220169582452758,0.039084859258247,0.006888890773686717,-0.02431324128457544,True,16,0.0
feasible,5,1,ACO,8,0.622464485000819,0.031819591230794884,0.031819591230794884,0.07504292977583424,0.014252877462800104,0.006162966453750318,5,True,True,0.024599421648342126,0.03595807051758724,0.007363986689113387,0.030476207738325756,0.007220169582452758,0.039084859258247,0.006888890773686717,-0.02431324128457544,True,16,0.0
feasible,5,1,NSGA-II,9,2.405330501998833,0.031819591230794884,0.031819591230794884,0.07504292977583424,0.014252877462800104,0.006162966453750318,5,True,True,0.024599421648342126,0.03595807051758724,0.007363986689113387,0.030476207738325756,0.007220169582452758,0.039084859258247,0.006888890773686717,-0.02431324128457544,True,16,0.0
feasible,5,1,BruteForce,9,0.009478086998569779,0.031819591230794884,0.031819591230794884,0.07504292977583424,0.014252877462800104,0.006162966453750318,5,True,True,0.024599421648342126,0.03595807051758724,0.007363986689113387,0.030476207738325756,0.007220169582452758,0.039084859258247,0.006888890773686717,-0.02431324128457544,True,16,0.0
feasible,5,1,GA,9,0.6620730979993823,0.031819591230794884,0.031819591230794884,0.07504292977583424,0.014252877462800104,0.006162966453750318,5,True,True,0.024599421648342126,0.03595807051758724,0.007363986689113387,0.030476207738325756,0.007220169582452758,0.039084859258247,0.006888890773686717,-0.02431324128457544,True,16,0.0
feasible,5,1,HillClimb,9,0.01216149400715949,0.031819591230794884,0.031819591230794884,0.07504292977583424,0.014252877462800104,0.006162966453750318,5,True,True,0.024599421648342126,0.03595807051758724,0.007363986689113387,0.030476207738325756,0.007220169582452758,0.039084859258247,0.006888890773686717,-0.02431324128457544,True,16,0.0
feasible,5,1,PSO,9,1.1641628979996312,0.031819591230794884,0.031819591230794884,0.07504292977583424,0.014252877462800104,0.006162966453750318,5,True,True,0.024599421648342126,0.03595807051758724,0.007363986689113387,0.030476207738325756,0.007220169582452758,0.039084859258247,0.006888890773686717,-0.02431324128457544,True,16,0.0
feasible,5,1,Random,9,0.14318745999480598,0.031819591230794884,0.031819591230794884,0.07504292977583424,0.014252877462800104,0.006162966453750318,5,True,True,0.024599421648342126,0.03595807051758724,0.007363986689113387,0.030476207738325756,0.007220169582452758,0.039084859258247,0.006888890773686717,-0.02431324128457544,True,16,0.0
feasible,5,1,Greedy,9,0.009368712999275886,0.031819591230794884,0.031819591230794884,0.07504292977583424,0.014252877462800104,0.006162966453750318,5,True,True,0.024599421648342126,0.03595807051758724,0.007363986689113387,0.030476207738325756,0.007220169582452758,0.039084859258247,0.006888890773686717,-0.02431324128457544,True,16,0.0
feasible,5,1,SA,9,0.18695578999904683,0.031819591230794884,0.031819591230794884,0.07504292977583424,0.014252877462800104,0.006162966453750318,5,True,True,0.024599421648342126,0.03595807051758724,0.007363986689113387,0.030476207738325756,0.007220169582452758,0.039084859258247,0.006888890773686717,-0.02431324128457544,True,16,0.0
feasible,5,1,Tabu,9,0.6013211350000347,0.031819591230794884,0.031819591230794884,0.07504292977583424,0.014252877462800104,0.006162966453750318,5,True,True,0.024599421648342126,0.03595807051758724,0.007363986689113387,0.030476207738325756,0.007220169582452758,0.039084859258247,0.006888890773686717,-0.02431324128457544,True,16,0.0
feasible,5,1,ACO,9,0.8178290449941414,0.031819591230794884,0.031819591230794884,0.07504292977583424,0.014252877462800104,0.006162966453750318,5,True,True,0.024599421648342126,0.03595807051758724,0.007363986689113387,0.030476207738325756,0.007220169582452758,0.039084859258247,0.006888890773686717,-0.02431324128457544,True,16,0.0
feasible,10,2,NSGA-II,0,5.476523917001032,0.00027209585308401166,0.00027209585308401166,0.0008138247483377691,2.3331819661027226e-06,1.296289481631225e-07,6,True,True,0.00011479287281236731,0.00034287499734584644,9.596652346144322e-07,5.439558566410992e-07,0.00015730298027164435,0.0004709497509919227,1.3735167314882904e-06,-4.1432690847797665e-07,True,5632,0.0
feasible,10,2,BruteForce,0,7.618201066994516,0.00027209585308401166,0.00027209585308401166,0.0008138247483377691,2.3331819661027226e-06,1.296289481631225e-07,6,True,True,0.00011479287281236731,0.00034287499734584644,9.596652346144322e-07,5.439558566410992e-07,0.00015730298027164435,0.0004709497509919227,1.3735167314882904e-06,-4.1432690847797665e-07,True,5632,0.0
feasible,10,2,GA,0,1.3034433869979694,0.00027209585308401166,0.00027209585308401166,0.0008138247483377691,2.3331819661027226e-06,1.296289481631225e-07,6,True,True,0.00011479287281236731,0.00034287499734584644,9.596652346144322e-07,5.439558566410992e-07,0.00015730298027164435,0.0004709497509919227,1.3735167314882904e-06,-4.1432690847797665e-07,True,5632,0.0
feasible,10,2,HillClimb,0,0.10650635499769123,0.00027209585308401166,0.00027209585308401166,0.0008138247483377691,2.3331819661027226e-06,1.296289481631225e-07,6,True,True,0.00011479287281236731,0.00034287499734584644,9.596652346144322e-07,5.439558566410992e-07,0.00015730298027164435,0.0004709497509919227,1.3735167314882904e-06,-4.1432690847797665e-07,True,5632,0.0
feasible,10,2,PSO,0,2.203558121000242,0.00027209585308401166,0.00027209585308401166,0.0008138247483377691,2.3331819661027226e-06,1.296289481631225e-07,6,True,True,0.00011479287281236731,0.00034287499734584644,9.596652346144322e-07,5.439558566410992e-07,0.00015730298027164435,0.0004709497509919227,1.3735167314882904e-06,-4.1432690847797665e-07,True,5632,0.0
feasible,10,2,Random,0,0.26865259800251806,0.00027209585308401166,0.00027209585308401166,0.0008138247483377691,2.3331819661027226e-06,1.296289481631225e-07,6,True,True,0.00011479287281236731,0.00034287499734584644,9.596652346144322e-07,5.439558566410992e-07,0.00015730298027164435,0.0004709497509919227,1.3735167314882904e-06,-4.1432690847797665e-07,True,5632,0.0
feasible,10,2,Greedy,0,0.05144304799614474,0.00027209585308401166,0.00027209585308401166,0.0008138247483377691,2.3331819661027226e-06,1.296289481631225e-07,6,True,True,0.00011479287281236731,0.00034287499734584644,9.596652346144322e-07,5.439558566410992e-07,0.00015730298027164435,0.0004709497509919227,1.3735167314882904e-06,-4.1432690847797665e-07,True,5632,0.0
feasible,10,2,SA,0,0.4003351430001203,0.00021438900257427027,0.00021438900257427027,0.0006414960327617998,1.4756092278557962e-06,1.9536573315535144e-07,5,True,True,0.00011479287281236731,0.00034287499734584644,9.596652346144322e-07,5.439558566410992e-07,9.959612976190296e-05,0.0002986210354159533,5.15943993241364e-07,-3.4859012348574777e-07,True,5632,-5.770685050974139e-05
feasible,10,2,Tabu,0,2.831545497996558,0.00027209585308401166,0.00027209585308401166,0.0008138247483377691,2.3331819661027226e-06,1.296289481631225e-07,6,True,True,0.00011479287281236731,0.00034287499734584644,9.596652346144322e-07,5.439558566410992e-07,0.00015730298027164435,0.0004709497509919227,1.3735167314882904e-06,-4.1432690847797665e-07,True,5632,0.0
feasible,10,2,ACO,0,1.4183216849996825,0.00015903947299909126,0.00015903947299909126,0.00047247047889609374,3.6058266748860254e-07,4.287357433691422e-06,6,True,True,0.00011479287281236731,0.00034287499734584644,9.596652346144322e-07,5.439558566410992e-07,4.424660018672395e-05,0.0001295954815502473,-5.990825671258296e-07,3.7434015770503228e-06,True,5632,-0.0001130563800849204
feasible,10,2,NSGA-II,1,5.091533706996415,0.00027209585308401166,0.00027209585308401166,0.0008138247483377691,2.3331819661027226e-06,1.296289481631225e-07,6,True,True,0.00011479287281236731,0.00034287499734584644,9.596652346144322e-07,5.439558566410992e-07,0.00015730298027164435,0.0004709497509919227,1.3735167314882904e-06,-4.1432690847797665e-07,True,5632,0.0
feasible,10,2,BruteForce,1,7.9711493349968805,0.00027209585308401166,0.00027209585308401166,0.0008138247483377691,2.3331819661027226e-06,1.296289481631225e-07,6,True,True,0.00011479287281236731,0.00034287499734584644,9.596652346144322e-07,5.439558566410992e-07,0.00015730298027164435,0.0004709497509919227,1.3735167314882904e-06,-4.1432690847797665e-07,True,5632,0.0
feasible,10,2,GA,1,1.3539485469955252,0.00027209585308401166,0.00027209585308401166,0.0008138247483377691,2.3331819661027226e-06,1.296289481631225e-07,6,True,True,0.00011479287281236731,0.00034287499734584644,9.596652346144322e-07,5.439558566410992e-07,0.00015730298027164435,0.0004709497509919227,1.3735167314882904e-06,-4.1432690847797665e-07,True,5632,0.0
feasible,10,2,HillClimb,1,0.1033960679997108,0.00027209585308401166,0.00027209585308401166,0.0008138247483377691,2.3331819661027226e-06,1.296289481631225e-07,6,True,True,0.00011479287281236731,0.00034287499734584644,9.596652346144322e-07,5.439558566410992e-07,0.00015730298027164435,0.0004709497509919227,1.3735167314882904e-06,-4.1432690847797665e-07,True,5632,0.0
feasible,10,2,PSO,1,2.1788252199985436,0.00027209585308401166,0.00027209585308401166,0.0008138247483377691,2.3331819661027226e-06,1.296289481631225e-07,6,True,True,0.00011479287281236731,0.00034287499734584644,9.596652346144322e-07,5.439558566410992e-07,0.00015730298027164435,0.0004709497509919227,1.3735167314882904e-06,-4.1432690847797665e-07,True,5632,0.0
feasible,10,2,Random,1,0.27266630600206554,0.00026033097434928357,0.00026033097434928357,0.0007791409490110919,1.7395160507931701e-06,1.1245798596567616e-07,7,True,True,0.00011479287281236731,0.00034287499734584644,9.596652346144322e-07,5.439558566410992e-07,0.00014553810153691626,0.0004362659516652455,7.79850816178738e-07,-4.3149787067542304e-07,True,5632,-1.1764878734728094e-05
feasible,10,2,Greedy,1,0.04831728200224461,0.00027209585308401166,0.00027209585308401166,0.0008138247483377691,2.3331819661027226e-06,1.296289481631225e-07,6,True,True,0.00011479287281236731,0.00034287499734584644,9.596652346144322e-07,5.439558566410992e-07,0.00015730298027164435,0.0004709497509919227,1.3735167314882904e-06,-4.1432690847797665e-07,True,5632,0.0
feasible,10,2,SA,1,0.5612914379962604,0.000255386965466107,0.000255386965466107,0.0007636746120897102,2.3607495533272124e-06,1.2553475528354394e-07,7,True,True,0.00011479287281236731,0.00034287499734584644,9.596652346144322e-07,5.439558566410992e-07,0.00014059409265373968,0.00042079961474386375,1.4010843187127802e-06,-4.1842110135755525e-07,True,5632,-1.6708887617904677e-05
feasible,10,2,Tabu,1,2.9446576409973204,0.00027209585308401166,0.00027209585308401166,0.0008138247483377691,2.3331819661027226e-06,1.296289481631225e-07,6,True,True,0.00011479287281236731,0.00034287499734584644,9.596652346144322e-07,5.439558566410992e-07,0.00015730298027164435,0.0004709497509919227,1.3735167314882904e-06,-4.1432690847797665e-07,True,5632,0.0
feasible,10,2,ACO,1,1.3803432849963428,0.00015903947299909126,0.00015903947299909126,0.00047247047889609374,3.6058266748860254e-07,4.287357433691422e-06,6,True,True,0.00011479287281236731,0.00034287499734584644,9.596652346144322e-07,5.439558566410992e-07,4.424660018672395e-05,0.0001295954815502473,-5.990825671258296e-07,3.7434015770503228e-06,True,5632,-0.0001130563800849204
feasible,10,2,NSGA-II,2,4.750786593998782,0.00027209585308401166,0.00027209585308401166,0.0008138247483377691,2.3331819661027226e-06,1.296289481631225e-07,6,True,True,0.00011479287281236731,0.00034287499734584644,9.596652346144322e-07,5.439558566410992e-07,0.00015730298027164435,0.0004709497509919227,1.3735167314882904e-06,-4.1432690847797665e-07,True,5632,0.0
feasible,10,2,BruteForce,2,7.188203315999999,0.00027209585308401166,0.00027209585308401166,0.0008138247483377691,2.3331819661027226e-06,1.296289481631225e-07,6,True,True,0.00011479287281236731,0.00034287499734584644,9.596652346144322e-07,5.439558566410992e-07,0.00015730298027164435,0.0004709497509919227,1.3735167314882904e-06,-4.1432690847797665e-07,True,5632,0.0
feasible,10,2,GA,2,1.2557154850001098,0.00027209585308401166,0.00027209585308401166,0.0008138247483377691,2.3331819661027226e-06,1.296289481631225e-07,6,True,True,0.00011479287281236731,0.00034287499734584644,9.596652346144322e-07,5.439558566410992e-07,0.00015730298027164435,0.0004709497509919227,1.3735167314882904e-06,-4.1432690847797665e-07,True,5632,0.0
feasible,10,2,HillClimb,2,0.09651576099713566,0.0002718256692854049,0.0002718256692854049,0.0008130166424463566,2.3308651797228583e-06,1.2950023013516597e-07,7,True,True,0.00011479287281236731,0.00034287499734584644,9.596652346144322e-07,5.439558566410992e-07,0.00015703279647303757,0.00047014164510051016,1.3711999451084262e-06,-4.144556265059332e-07,True,5632,-2.701837986067825e-07
feasible,10,2,PSO,2,2.1594690839992836,0.00027209585308401166,0.00027209585308401166,0.0008138247483377691,2.3331819661027226e-06,1.296289481631225e-07,6,True,True,0.00011479287281236731,0.00034287499734584644,9.596652346144322e-07,5.439558566410992e-07,0.00015730298027164435,0.0004709497509919227,1.3735167314882904e-06,-4.1432690847797665e-07,True,5632,0.0
feasible,10,2,Random,2,0.2787334090025979,0.0002693816969494987,0.0002693816969494987,0.0008057068464731001,2.309908475990849e-06,1.2833589940519539e-07,6,True,True,0.00011479287281236731,0.00034287499734584644,9.596652346144322e-07,5.439558566410992e-07,0.00015458882413713141,0.0004628318491272536,1.3502432413764168e-06,-4.156199572359038e-07,True,5632,-2.71415613451294e-06
feasible,10,2,Greedy,2,0.05427410999982385,0.00027209585308401166,0.00027209585308401166,0.0008138247483377691,2.3331819661027226e-06,1.296289481631225e-07,6,True,True,0.00011479287281236731,0.00034287499734584644,9.596652346144322e-07,5.439558566410992e-07,0.00015730298027164435,0.0004709497509919227,1.3735167314882904e-06,-4.1432690847797665e-07,True,5632,0.0
feasible,10,2,SA,2,0.3997798919954221,0.000259260306737283,0.000259260306737283,0.0007752569275276098,2.3965539987855933e-06,1.2743868545366556e-07,8,True,True,0.00011479287281236731,0.00034287499734584644,9.596652346144322e-07,5.439558566410992e-07,0.0001444674339249157,0.0004323819301817634,1.436888764171161e-06,-4.1651717118743366e-07,True,5632,-1.283554634672865e-05
feasible,10,2,Tabu,2,2.944485842999711,0.00027209585308401166,0.00027209585308401166,0.0008138247483377691,2.3331819661027226e-06,1.296289481631225e-07,6,True,True,0.00011479287281236731,0.00034287499734584644,9.596652346144322e-07,5.439558566410992e-07,0.00015730298027164435,0.0004709497509919227,1.3735167314882904e-06,-4.1432690847797665e-07,True,5632,0.0
feasible,10,2,ACO,2,1.4005941290015471,0.00015903947299909126,0.00015903947299909126,0.00047247047889609374,3.6058266748860254e-07,4.287357433691422e-06,6,True,True,0.00011479287281236731,0.00034287499734584644,9.596652346144322e-07,5.439558566410992e-07,4.424660018672395e-05,0.0001295954815502473,-5.990825671258296e-07,3.7434015770503228e-06,True,5632,-0.0001130563800849204
feasible,10,2,NSGA-II,3,4.922777485000552,0.00027209585308401166,0.00027209585308401166,0.0008138247483377691,2.3331819661027226e-06,1.296289481631225e-07,6,True,True,0.00011479287281236731,0.00034287499734584644,9.596652346144322e-07,5.439558566410992e-07,0.00015730298027164435,0.0004709497509919227,1.3735167314882904e-06,-4.1432690847797665e-07,True,5632,0.0
feasible,10,2,BruteForce,3,7.407122001000971,0.00027209585308401166,0.00027209585308401166,0.0008138247483377691,2.3331819661027226e-06,1.296289481631225e-07,6,True,True,0.00011479287281236731,0.00034287499734584644,9.596652346144322e-07,5.439558566410992e-07,0.00015730298027164435,0.0004709497509919227,1.3735167314882904e-06,-4.1432690847797665e-07,True,5632,0.0
feasible,10,2,GA,3,1.315169503002835,0.00027209585308401166,0.00027209585308401166,0.0008138247483377691,2.3331819661027226e-06,1.296289481631225e-07,6,True,True,0.00011479287281236731,0.00034287499734584644,9.596652346144322e-07,5.439558566410992e-07,0.00015730298027164435,0.0004709497509919227,1.3735167314882904e-06,-4.1432690847797665e-07,True,5632,0.0
feasible,10,2,HillClimb,3,0.10408897999877809,0.00027209585308401166,0.00027209585308401166,0.0008138247483377691,2.3331819661027226e-06,1.296289481631225e-07,6,True,True,0.00011479287281236731,0.00034287499734584644,9.596652346144322e-07,5.439558566410992e-07,0.00015730298027164435,0.0004709497509919227,1.3735167314882904e-06,-4.1432690847797665e-07,True,5632,0.0
feasible,10,2,PSO,3,2.1138977090013213,0.00027209585308401166,0.00027209585308401166,0.0008138247483377691,2.3331819661027226e-06,1.296289481631225e-07,6,True,True,0.00011479287281236731,0.00034287499734584644,9.596652346144322e-07,5.439558566410992e-07,0.00015730298027164435,0.0004709497509919227,1.3735167314882904e-06,-4.1432690847797665e-07,True,5632,0.0
feasible,10,2,Random,3,0.275067055998079,0.000266429794007146,0.000266429794007146,0.0007968778560936106,2.2845963419295605e-06,1.2692958589780555e-07,7,True,True,0.00011479287281236731,0.00034287499734584644,9.596652346144322e-07,5.439558566410992e-07,0.00015163692119477868,0.00045400285874776415,1.3249311073151283e-06,-4.1702627074329364e-07,True,5632,-5.666059076865669e-06
feasible,10,2,Greedy,3,0.05194907300028717,0.00027209585308401166,0.00027209585308401166,0.0008138247483377691,2.3331819661027226e-06,1.296289481631225e-07,6,True,True,0.00011479287281236731,0.00034287499734584644,9.596652346144322e-07,5.439558566410992e-07,0.00015730298027164435,0.0004709497509919227,1.3735167314882904e-06,-4.1432690847797665e-07,True,5632,0.0
feasible,10,2,SA,3,0.410628445999464,0.00020405860532702775,0.00020405860532702775,0.0006104698098472618,1.5141378766648533e-06,1.9186825715663292e-07,6,True,True,0.00011479287281236731,0.00034287499734584644,9.596652346144322e-07,5.439558566410992e-07,8.926573251466044e-05,0.0002675948125014154,5.544726420504211e-07,-3.5208759948446626e-07,True,5632,-6.803724775698391e-05
feasible,10,2,Tabu,3,2.9359009629988577,0.00027209585308401166,0.00027209585308401166,0.0008138247483377691,2.3331819661027226e-06,1.296289481631225e-07,6,True,True,0.00011479287281236731,0.00034287499734584644,9.596652346144322e-07,5.439558566410992e-07,0.00015730298027164435,0.0004709497509919227,1.3735167314882904e-06,-4.1432690847797665e-07,True,5632,0.0
feasible,10,2,ACO,3,1.392671410998446,0.00015903947299909126,0.00015903947299909126,0.00047247047889609374,3.6058266748860254e-07,4.287357433691422e-06,6,True,True,0.00011479287281236731,0.00034287499734584644,9.596652346144322e-07,5.439558566410992e-07,4.424660018672395e-05,0.0001295954815502473,-5.990825671258296e-07,3.7434015770503228e-06,True,5632,-0.0001130563800849204
feasible,10,2,NSGA-II,4,5.641054804000305,0.00027209585308401166,0.00027209585308401166,0.0008138247483377691,2.3331819661027226e-06,1.296289481631225e-07,6,True,True,0.00011479287281236731,0.00034287499734584644,9.596652346144322e-07,5.439558566410992e-07,0.00015730298027164435,0.0004709497509919227,1.3735167314882904e-06,-4.1432690847797665e-07,True,5632,0.0
feasible,10,2,BruteForce,4,8.681301251002878,0.00027209585308401166,0.00027209585308401166,0.0008138247483377691,2.3331819661027226e-06,1.296289481631225e-07,6,True,True,0.00011479287281236731,0.00034287499734584644,9.596652346144322e-07,5.439558566410992e-07,0.00015730298027164435,0.0004709497509919227,1.3735167314882904e-06,-4.1432690847797665e-07,True,5632,0.0
feasible,10,2,GA,4,1.3331634360001772,0.00027209585308401166,0.00027209585308401166,0.0008138247483377691,2.3331819661027226e-06,1.296289481631225e-07,6,True,True,0.00011479287281236731,0.00034287499734584644,9.596652346144322e-07,5.439558566410992e-07,0.00015730298027164435,0.0004709497509919227,1.3735167314882904e-06,-4.1432690847797665e-07,True,5632,0.0
feasible,10,2,HillClimb,4,0.10752717500145081,0.00027209585308401166,0.00027209585308401166,0.0008138247483377691,2.3331819661027226e-06,1.296289481631225e-07,6,True,True,0.00011479287281236731,0.00034287499734584644,9.596652346144322e-07,5.439558566410992e-07,0.00015730298027164435,0.0004709497509919227,1.3735167314882904e-06,-4.1432690847797665e-07,True,5632,0.0
feasible,10,2,PSO,4,2.303301530999306,0.00027209585308401166,0.00027209585308401166,0.0008138247483377691,2.3331819661027226e-06,1.296289481631225e-07,6,True,True,0.00011479287281236731,0.00034287499734584644,9.596652346144322e-07,5.439558566410992e-07,0.00015730298027164435,0.0004709497509919227,1.3735167314882904e-06,-4.1432690847797665e-07,True,5632,0.0
feasible,10,2,Random,4,0.3145505970023805,0.00027187454824734235,0.00027187454824734235,0.0008138247483377691,1.6850758644075216e-06,1.1382053985054659e-07,6,True,True,0.00011479287281236731,0.00034287499734584644,9.596652346144322e-07,5.439558566410992e-07,0.00015708167543497504,0.0004709497509919227,7.254106297930894e-07,-4.301353167905526e-07,True,5632,-2.213048366693179e-07
feasible,10,2,Greedy,4,0.061655525998503435,0.00027209585308401166,0.00027209585308401166,0.0008138247483377691,2.3331819661027226e-06,1.296289481631225e-07,6,True,True,0.00011479287281236731,0.00034287499734584644,9.596652346144322e-07,5.439558566410992e-07,0.00015730298027164435,0.0004709497509919227,1.3735167314882904e-06,-4.1432690847797665e-07,True,5632,0.0
feasible,10,2,SA,4,0.4885616570027196,0.00024480614434785173,0.00024480614434785173,0.0007318548365859721,2.4394412051047866e-06,1.2415525247823025e-07,7,True,True,0.00011479287281236731,0.00034287499734584644,9.596652346144322e-07,5.439558566410992e-07,0.00013001327153548442,0.0003889798392401257,1.4797759704903544e-06,-4.1980060416286893e-07,True,5632,-2.7289708736159932e-05
feasible,10,2,Tabu,4,3.227681238000514,0.00027209585308401166,0.00027209585308401166,0.0008138247483377691,2.3331819661027226e-06,1.296289481631225e-07,6,True,True,0.00011479287281236731,0.00034287499734584644,9.596652346144322e-07,5.439558566410992e-07,0.00015730298027164435,0.0004709497509919227,1.3735167314882904e-06,-4.1432690847797665e-07,True,5632,0.0
feasible,10,2,ACO,4,1.5582651190052275,0.00015903947299909126,0.00015903947299909126,0.00047247047889609374,3.6058266748860254e-07,4.287357433691422e-06,6,True,True,0.00011479287281236731,0.00034287499734584644,9.596652346144322e-07,5.439558566410992e-07,4.424660018672395e-05,0.0001295954815502473,-5.990825671258296e-07,3.7434015770503228e-06,True,5632,-0.0001130563800849204
feasible,10,2,NSGA-II,5,5.101915368002665,0.00027209585308401166,0.00027209585308401166,0.0008138247483377691,2.3331819661027226e-06,1.296289481631225e-07,6,True,True,0.00011479287281236731,0.00034287499734584644,9.596652346144322e-07,5.439558566410992e-07,0.00015730298027164435,0.0004709497509919227,1.3735167314882904e-06,-4.1432690847797665e-07,True,5632,0.0
feasible,10,2,BruteForce,5,7.506503352000436,0.00027209585308401166,0.00027209585308401166,0.0008138247483377691,2.3331819661027226e-06,1.296289481631225e-07,6,True,True,0.00011479287281236731,0.00034287499734584644,9.596652346144322e-07,5.439558566410992e-07,0.00015730298027164435,0.0004709497509919227,1.3735167314882904e-06,-4.1432690847797665e-07,True,5632,0.0
feasible,10,2,GA,5,1.2799947429957683,0.00027209585308401166,0.00027209585308401166,0.0008138247483377691,2.3331819661027226e-06,1.296289481631225e-07,6,True,True,0.00011479287281236731,0.00034287499734584644,9.596652346144322e-07,5.439558566410992e-07,0.00015730298027164435,0.0004709497509919227,1.3735167314882904e-06,-4.1432690847797665e-07,True,5632,0.0
feasible,10,2,HillClimb,5,0.09425719000137178,0.0002718256692854049,0.0002718256692854049,0.0008130166424463566,2.3308651797228583e-06,1.2950023013516597e-07,7,True,True,0.00011479287281236731,0.00034287499734584644,9.596652346144322e-07,5.439558566410992e-07,0.00015703279647303757,0.00047014164510051016,1.3711999451084262e-06,-4.144556265059332e-07,True,5632,-2.701837986067825e-07
feasible,10,2,PSO,5,2.090610038001614,0.00027209585308401166,0.00027209585308401166,0.0008138247483377691,2.3331819661027226e-06,1.296289481631225e-07,6,True,True,0.00011479287281236731,0.00034287499734584644,9.596652346144322e-07,5.439558566410992e-07,0.00015730298027164435,0.0004709497509919227,1.3735167314882904e-06,-4.1432690847797665e-07,True,5632,0.0
feasible,10,2,Random,5,0.274202984997828,0.00026058973288275685,0.00026058973288275685,0.0007799153838236955,1.7412450598877723e-06,1.1256976468735378e-07,6,True,True,0.00011479287281236731,0.00034287499734584644,9.596652346144322e-07,5.439558566410992e-07,0.00014579686007038954,0.0004370403864778491,7.815798252733401e-07,-4.313860919537454e-07,True,5632,-1.1506120201254814e-05
feasible,10,2,Greedy,5,0.05152682799962349,0.00027209585308401166,0.00027209585308401166,0.0008138247483377691,2.3331819661027226e-06,1.296289481631225e-07,6,True,True,0.00011479287281236731,0.00034287499734584644,9.596652346144322e-07,5.439558566410992e-07,0.00015730298027164435,0.0004709497509919227,1.3735167314882904e-06,-4.1432690847797665e-07,True,5632,0.0
feasible,10,2,SA,5,0.41071838900097646,0.0002468376395753867,0.0002468376395753867,0.000738109865191573,2.2817211767578334e-06,1.2133235782926483e-07,9,True,True,0.00011479287281236731,0.00034287499734584644,9.596652346144322e-07,5.439558566410992e-07,0.0001320447667630194,0.0003952348678457266,1.3220559421434013e-06,-4.226234988118344e-07,True,5632,-2.525821350862496e-05
feasible,10,2,Tabu,5,2.801214172002801,0.00027209585308401166,0.00027209585308401166,0.0008138247483377691,2.3331819661027226e-06,1.296289481631225e-07,6,True,True,0.00011479287281236731,0.00034287499734584644,9.596652346144322e-07,5.439558566410992e-07,0.00015730298027164435,0.0004709497509919227,1.3735167314882904e-06,-4.1432690847797665e-07,True,5632,0.0
feasible,10,2,ACO,5,1.3734928689955268,0.00015903947299909126,0.00015903947299909126,0.00047247047889609374,3.6058266748860254e-07,4.287357433691422e-06,6,True,True,0.00011479287281236731,0.00034287499734584644,9.596652346144322e-07,5.439558566410992e-07,4.424660018672395e-05,0.0001295954815502473,-5.990825671258296e-07,3.7434015770503228e-06,True,5632,-0.0001130563800849204
feasible,10,2,NSGA-II,6,4.892075878997275,0.00027209585308401166,0.00027209585308401166,0.0008138247483377691,2.3331819661027226e-06,1.296289481631225e-07,6,True,True,0.00011479287281236731,0.00034287499734584644,9.596652346144322e-07,5.439558566410992e-07,0.00015730298027164435,0.0004709497509919227,1.3735167314882904e-06,-4.1432690847797665e-07,True,5632,0.0
feasible,10,2,BruteForce,6,7.74260270200466,0.00027209585308401166,0.00027209585308401166,0.0008138247483377691,2.3331819661027226e-06,1.296289481631225e-07,6,True,True,0.00011479287281236731,0.00034287499734584644,9.596652346144322e-07,5.439558566410992e-07,0.00015730298027164435,0.0004709497509919227,1.3735167314882904e-06,-4.1432690847797665e-07,True,5632,0.0
feasible,10,2,GA,6,1.248493489001703,0.00027209585308401166,0.00027209585308401166,0.0008138247483377691,2.3331819661027226e-06,1.296289481631225e-07,6,True,True,0.00011479287281236731,0.00034287499734584644,9.596652346144322e-07,5.439558566410992e-07,0.00015730298027164435,0.0004709497509919227,1.3735167314882904e-06,-4.1432690847797665e-07,True,5632,0.0
feasible,10,2,HillClimb,6,0.09517022700310918,0.00027209585308401166,0.00027209585308401166,0.0008138247483377691,2.3331819661027226e-06,1.296289481631225e-07,6,True,True,0.00011479287281236731,0.00034287499734584644,9.596652346144322e-07,5.439558566410992e-07,0.00015730298027164435,0.0004709497509919227,1.3735167314882904e-06,-4.1432690847797665e-07,True,5632,0.0
feasible,10,2,PSO,6,2.110117210999306,0.00027209585308401166,0.00027209585308401166,0.0008138247483377691,2.3331819661027226e-06,1.296289481631225e-07,6,True,True,0.00011479287281236731,0.00034287499734584644,9.596652346144322e-07,5.439558566410992e-07,0.00015730298027164435,0.0004709497509919227,1.3735167314882904e-06,-4.1432690847797665e-07,True,5632,0.0
feasible,10,2,Random,6,0.2990688220015727,0.00026058973288275685,0.00026058973288275685,0.0007799153838236955,1.7412450598877723e-06,1.1256976468735378e-07,6,True,True,0.00011479287281236731,0.00034287499734584644,9.596652346144322e-07,5.439558566410992e-07,0.00014579686007038954,0.0004370403864778491,7.815798252733401e-07,-4.313860919537454e-07,True,5632,-1.1506120201254814e-05
feasible,10,2,Greedy,6,0.05107603000215022,0.00027209585308401166,0.00027209585308401166,0.0008138247483377691,2.3331819661027226e-06,1.296289481631225e-07,6,True,True,0.00011479287281236731,0.00034287499734584644,9.596652346144322e-07,5.439558566410992e-07,0.00015730298027164435,0.0004709497509919227,1.3735167314882904e-06,-4.1432690847797665e-07,True,5632,0.0
feasible,10,2,SA,6,0.40281118099665036,0.0002600341584039238,0.0002600341584039238,0.0007775709488021816,2.4037073394936042e-06,1.2781907009632038e-07,5,True,True,0.00011479287281236731,0.00034287499734584644,9.596652346144322e-07,5.439558566410992e-07,0.00014524128559155648,0.00043469595145633513,1.444042104879172e-06,-4.1613678654477883e-07,True,5632,-1.2061694680087873e-05
feasible,10,2,Tabu,6,2.9322103340018657,0.00027209585308401166,0.00027209585308401166,0.0008138247483377691,2.3331819661027226e-06,1.296289481631225e-07,6,True,True,0.00011479287281236731,0.00034287499734584644,9.596652346144322e-07,5.439558566410992e-07,0.00015730298027164435,0.0004709497509919227,1.3735167314882904e-06,-4.1432690847797665e-07,True,5632,0.0
feasible,10,2,ACO,6,1.457334163998894,0.00015903947299909126,0.00015903947299909126,0.00047247047889609374,3.6058266748860254e-07,4.287357433691422e-06,6,True,True,0.00011479287281236731,0.00034287499734584644,9.596652346144322e-07,5.439558566410992e-07,4.424660018672395e-05,0.0001295954815502473,-5.990825671258296e-07,3.7434015770503228e-06,True,5632,-0.0001130563800849204
feasible,10,2,NSGA-II,7,5.108119126998645,0.00027209585308401166,0.00027209585308401166,0.0008138247483377691,2.3331819661027226e-06,1.296289481631225e-07,6,True,True,0.00011479287281236731,0.00034287499734584644,9.596652346144322e-07,5.439558566410992e-07,0.00015730298027164435,0.0004709497509919227,1.3735167314882904e-06,-4.1432690847797665e-07,True,5632,0.0
feasible,10,2,BruteForce,7,7.587985532998573,0.00027209585308401166,0.00027209585308401166,0.0008138247483377691,2.3331819661027226e-06,1.296289481631225e-07,6,True,True,0.00011479287281236731,0.00034287499734584644,9.596652346144322e-07,5.439558566410992e-07,0.00015730298027164435,0.0004709497509919227,1.3735167314882904e-06,-4.1432690847797665e-07,True,5632,0.0
feasible,10,2,GA,7,1.2787735460005933,0.00027209585308401166,0.00027209585308401166,0.0008138247483377691,2.3331819661027226e-06,1.296289481631225e-07,6,True,True,0.00011479287281236731,0.00034287499734584644,9.596652346144322e-07,5.439558566410992e-07,0.00015730298027164435,0.0004709497509919227,1.3735167314882904e-06,-4.1432690847797665e-07,True,5632,0.0
feasible,10,2,HillClimb,7,0.11333618799835676,0.00027209585308401166,0.00027209585308401166,0.0008138247483377691,2.3331819661027226e-06,1.296289481631225e-07,6,True,True,0.00011479287281236731,0.00034287499734584644,9.596652346144322e-07,5.439558566410992e-07,0.00015730298027164435,0.0004709497509919227,1.3735167314882904e-06,-4.1432690847797665e-07,True,5632,0.0
feasible,10,2,PSO,7,2.4050316869979724,0.00027209585308401166,0.00027209585308401166,0.0008138247483377691,2.3331819661027226e-06,1.296289481631225e-07,6,True,True,0.00011479287281236731,0.00034287499734584644,9.596652346144322e-07,5.439558566410992e-07,0.00015730298027164435,0.0004709497509919227,1.3735167314882904e-06,-4.1432690847797665e-07,True,5632,0.0
feasible,10,2,Random,7,0.3170355779948295,0.00027187454824734235,0.00027187454824734235,0.0008138247483377691,1.6850758644075216e-06,1.1382053985054659e-07,6,True,True,0.00011479287281236731,0.00034287499734584644,9.596652346144322e-07,5.439558566410992e-07,0.00015708167543497504,0.0004709497509919227,7.254106297930894e-07,-4.301353167905526e-07,True,5632,-2.213048366693179e-07
feasible,10,2,Greedy,7,0.06161239100038074,0.00027209585308401166,0.00027209585308401166,0.0008138247483377691,2.3331819661027226e-06,1.296289481631225e-07,6,True,True,0.00011479287281236731,0.00034287499734584644,9.596652346144322e-07,5.439558566410992e-07,0.00015730298027164435,0.0004709497509919227,1.3735167314882904e-06,-4.1432690847797665e-07,True,5632,0.0
feasible,10,2,SA,7,0.4397181809981703,0.00026058973288275696,0.00026058973288275696,0.0007799153838236958,1.7412450598877723e-06,1.1256976468735378e-07,6,True,True,0.00011479287281236731,0.00034287499734584644,9.596652346144322e-07,5.439558566410992e-07,0.00014579686007038965,0.0004370403864778493,7.815798252733401e-07,-4.313860919537454e-07,True,5632,-1.1506120201254706e-05
feasible,10,2,Tabu,7,2.9164250579997315,0.00027209585308401166,0.00027209585308401166,0.0008138247483377691,2.3331819661027226e-06,1.296289481631225e-07,6,True,True,0.00011479287281236731,0.00034287499734584644,9.596652346144322e-07,5.439558566410992e-07,0.00015730298027164435,0.0004709497509919227,1.3735167314882904e-06,-4.1432690847797665e-07,True,5632,0.0
feasible,10,2,ACO,7,1.6727864380009123,0.00015903947299909126,0.00015903947299909126,0.00047247047889609374,3.6058266748860254e-07,4.287357433691422e-06,6,True,True,0.00011479287281236731,0.00034287499734584644,9.596652346144322e-07,5.439558566410992e-07,4.424660018672395e-05,0.0001295954815502473,-5.990825671258296e-07,3.7434015770503228e-06,True,5632,-0.0001130563800849204
feasible,10,2,NSGA-II,8,5.260382209999079,0.00027209585308401166,0.00027209585308401166,0.0008138247483377691,2.3331819661027226e-06,1.296289481631225e-07,6,True,True,0.00011479287281236731,0.00034287499734584644,9.596652346144322e-07,5.439558566410992e-07,0.00015730298027164435,0.0004709497509919227,1.3735167314882904e-06,-4.1432690847797665e-07,True,5632,0.0
feasible,10,2,BruteForce,8,8.236175140998967,0.00027209585308401166,0.00027209585308401166,0.0008138247483377691,2.3331819661027226e-06,1.296289481631225e-07,6,True,True,0.00011479287281236731,0.00034287499734584644,9.596652346144322e-07,5.439558566410992e-07,0.00015730298027164435,0.0004709497509919227,1.3735167314882904e-06,-4.1432690847797665e-07,True,5632,0.0
feasible,10,2,GA,8,1.317055553998216,0.00027209585308401166,0.00027209585308401166,0.0008138247483377691,2.3331819661027226e-06,1.296289481631225e-07,6,True,True,0.00011479287281236731,0.00034287499734584644,9.596652346144322e-07,5.439558566410992e-07,0.00015730298027164435,0.0004709497509919227,1.3735167314882904e-06,-4.1432690847797665e-07,True,5632,0.0
feasible,10,2,HillClimb,8,0.11141059800138464,0.00027209585308401166,0.00027209585308401166,0.0008138247483377691,2.3331819661027226e-06,1.296289481631225e-07,6,True,True,0.00011479287281236731,0.00034287499734584644,9.596652346144322e-07,5.439558566410992e-07,0.00015730298027164435,0.0004709497509919227,1.3735167314882904e-06,-4.1432690847797665e-07,True,5632,0.0
feasible,10,2,PSO,8,2.1197354500036454,0.00027209585308401166,0.00027209585308401166,0.0008138247483377691,2.3331819661027226e-06,1.296289481631225e-07,6,True,True,0.00011479287281236731,0.00034287499734584644,9.596652346144322e-07,5.439558566410992e-07,0.00015730298027164435,0.0004709497509919227,1.3735167314882904e-06,-4.1432690847797665e-07,True,5632,0.0
feasible,10,2,Random,8,0.266999779996695,0.0002718256692854049,0.0002718256692854049,0.0008130166424463566,2.3308651797228583e-06,1.2950023013516597e-07,7,True,True,0.00011479287281236731,0.00034287499734584644,9.596652346144322e-07,5.439558566410992e-07,0.00015703279647303757,0.00047014164510051016,1.3711999451084262e-06,-4.144556265059332e-07,True,5632,-2.701837986067825e-07
feasible,10,2,Greedy,8,0.05119419699622085,0.00027209585308401166,0.00027209585308401166,0.0008138247483377691,2.3331819661027226e-06,1.296289481631225e-07,6,True,True,0.00011479287281236731,0.00034287499734584644,9.596652346144322e-07,5.439558566410992e-07,0.00015730298027164435,0.0004709497509919227,1.3735167314882904e-06,-4.1432690847797665e-07,True,5632,0.0
feasible,10,2,SA,8,0.3932821799971862,0.00027187454824734235,0.00027187454824734235,0.0008138247483377691,1.6850758644075216e-06,1.1382053985054659e-07,6,True,True,0.00011479287281236731,0.00034287499734584644,9.596652346144322e-07,5.439558566410992e-07,0.00015708167543497504,0.0004709497509919227,7.254106297930894e-07,-4.301353167905526e-07,True,5632,-2.213048366693179e-07
feasible,10,2,Tabu,8,2.910632210005133,0.00027209585308401166,0.00027209585308401166,0.0008138247483377691,2.3331819661027226e-06,1.296289481631225e-07,6,True,True,0.00011479287281236731,0.00034287499734584644,9.596652346144322e-07,5.439558566410992e-07,0.00015730298027164435,0.0004709497509919227,1.3735167314882904e-06,-4.1432690847797665e-07,True,5632,0.0
feasible,10,2,ACO,8,1.4753054449975025,0.00015903947299909126,0.00015903947299909126,0.00047247047889609374,3.6058266748860254e-07,4.287357433691422e-06,6,True,True,0.00011479287281236731,0.00034287499734584644,9.596652346144322e-07,5.439558566410992e-07,4.424660018672395e-05,0.0001295954815502473,-5.990825671258296e-07,3.7434015770503228e-06,True,5632,-0.0001130563800849204
feasible,10,2,NSGA-II,9,4.855976865997945,0.00027209585308401166,0.00027209585308401166,0.0008138247483377691,2.3331819661027226e-06,1.296289481631225e-07,6,True,True,0.00011479287281236731,0.00034287499734584644,9.596652346144322e-07,5.439558566410992e-07,0.00015730298027164435,0.0004709497509919227,1.3735167314882904e-06,-4.1432690847797665e-07,True,5632,0.0
feasible,10,2,BruteForce,9,7.516813882997667,0.00027209585308401166,0.00027209585308401166,0.0008138247483377691,2.3331819661027226e-06,1.296289481631225e-07,6,True,True,0.00011479287281236731,0.00034287499734584644,9.596652346144322e-07,5.439558566410992e-07,0.00015730298027164435,0.0004709497509919227,1.3735167314882904e-06,-4.1432690847797665e-07,True,5632,0.0
feasible,10,2,GA,9,1.3569929410004988,0.00027209585308401166,0.00027209585308401166,0.0008138247483377691,2.3331819661027226e-06,1.296289481631225e-07,6,True,True,0.00011479287281236731,0.00034287499734584644,9.596652346144322e-07,5.439558566410992e-07,0.00015730298027164435,0.0004709497509919227,1.3735167314882904e-06,-4.1432690847797665e-07,True,5632,0.0
feasible,10,2,HillClimb,9,0.11525995800184319,0.0002718256692854049,0.0002718256692854049,0.0008130166424463566,2.3308651797228583e-06,1.2950023013516597e-07,7,True,True,0.00011479287281236731,0.00034287499734584644,9.596652346144322e-07,5.439558566410992e-07,0.00015703279647303757,0.00047014164510051016,1.3711999451084262e-06,-4.144556265059332e-07,True,5632,-2.701837986067825e-07
feasible,10,2,PSO,9,2.4711487739987206,0.00027209585308401166,0.00027209585308401166,0.0008138247483377691,2.3331819661027226e-06,1.296289481631225e-07,6,True,True,0.00011479287281236731,0.00034287499734584644,9.596652346144322e-07,5.439558566410992e-07,0.00015730298027164435,0.0004709497509919227,1.3735167314882904e-06,-4.1432690847797665e-07,True,5632,0.0
feasible,10,2,Random,9,0.3069721970023238,0.00026058973288275696,0.00026058973288275696,0.0007799153838236958,1.7412450598877723e-06,1.1256976468735378e-07,6,True,True,0.00011479287281236731,0.00034287499734584644,9.596652346144322e-07,5.439558566410992e-07,0.00014579686007038965,0.0004370403864778493,7.815798252733401e-07,-4.313860919537454e-07,True,5632,-1.1506120201254706e-05
feasible,10,2,Greedy,9,0.05763889100489905,0.00027209585308401166,0.00027209585308401166,0.0008138247483377691,2.3331819661027226e-06,1.296289481631225e-07,6,True,True,0.00011479287281236731,0.00034287499734584644,9.596652346144322e-07,5.439558566410992e-07,0.00015730298027164435,0.0004709497509919227,1.3735167314882904e-06,-4.1432690847797665e-07,True,5632,0.0
feasible,10,2,SA,9,0.4614991180060315,0.00027187454824734235,0.00027187454824734235,0.0008138247483377691,1.6850758644075216e-06,1.1382053985054659e-07,6,True,True,0.00011479287281236731,0.00034287499734584644,9.596652346144322e-07,5.439558566410992e-07,0.00015708167543497504,0.0004709497509919227,7.254106297930894e-07,-4.301353167905526e-07,True,5632,-2.213048366693179e-07
feasible,10,2,Tabu,9,3.2106413139990764,0.00027209585308401166,0.00027209585308401166,0.0008138247483377691,2.3331819661027226e-06,1.296289481631225e-07,6,True,True,0.00011479287281236731,0.00034287499734584644,9.596652346144322e-07,5.439558566410992e-07,0.00015730298027164435,0.0004709497509919227,1.3735167314882904e-06,-4.1432690847797665e-07,True,5632,0.0
feasible,10,2,ACO,9,1.5217468359987834,0.00015903947299909126,0.00015903947299909126,0.00047247047889609374,3.6058266748860254e-07,4.287357433691422e-06,6,True,True,0.00011479287281236731,0.00034287499734584644,9.596652346144322e-07,5.439558566410992e-07,4.424660018672395e-05,0.0001295954815502473,-5.990825671258296e-07,3.7434015770503228e-06,True,5632,-0.0001130563800849204
feasible,20,3,NSGA-II,0,8.188624342001276,0.007379152395057663,0.007379152395057663,0.021973872157851685,2.0931239330241443e-05,0.00014265378799106134,9,True,True,-0.03573078208433068,0.012528886991684326,1.0617795457512695e-05,0.0002681489598661358,0.04310993447938834,0.009444985166167359,1.0313443872728748e-05,-0.00012549517187507447,False,946176,
feasible,20,3,BruteForce,0,1.2021999282296747e-05,,,,,,,,False,-0.03573078208433068,0.012528886991684326,1.0617795457512695e-05,0.0002681489598661358,,,,,False,946176,
feasible,20,3,GA,0,2.383456686999125,0.007371714002235304,0.007371714002235304,0.02195172187768565,2.0910140053243e-05,0.00014250998896701825,9,True,True,-0.03573078208433068,0.012528886991684326,1.0617795457512695e-05,0.0002681489598661358,0.04310249608656598,0.009422834886001324,1.0292344595730307e-05,-0.00012563897089911755,False,946176,
feasible,20,3,HillClimb,0,0.739036140999815,0.007379152395057663,0.007379152395057663,0.021973872157851685,2.0931239330241443e-05,0.00014265378799106134,9,True,True,-0.03573078208433068,0.012528886991684326,1.0617795457512695e-05,0.0002681489598661358,0.04310993447938834,0.009444985166167359,1.0313443872728748e-05,-0.00012549517187507447,False,946176,
feasible,20,3,PSO,0,4.144084740997641,0.007379152395057663,0.007379152395057663,0.021973872157851685,2.0931239330241443e-05,0.00014265378799106134,9,True,True,-0.03573078208433068,0.012528886991684326,1.0617795457512695e-05,0.0002681489598661358,0.04310993447938834,0.009444985166167359,1.0313443872728748e-05,-0.00012549517187507447,False,946176,
feasible,20,3,Random,0,0.5290783679956803,0.006665359209480369,0.006665359209480369,0.019859624033340576,1.5884659482380637e-05,0.0001205689356181514,9,True,True,-0.03573078208433068,0.012528886991684326,1.0617795457512695e-05,0.0002681489598661358,0.04239614129381104,0.00733073704165625,5.266864024867942e-06,-0.0001475800242479844,False,946176,
feasible,20,3,Greedy,0,0.2731313459953526,0.007379152395057663,0.007379152395057663,0.021973872157851685,2.0931239330241443e-05,0.00014265378799106134,9,True,True,-0.03573078208433068,0.012528886991684326,1.0617795457512695e-05,0.0002681489598661358,0.04310993447938834,0.009444985166167359,1.0313443872728748e-05,-0.00012549517187507447,False,946176,
feasible,20,3,SA,0,0.7841075969990925,0.004617024023761645,0.004617024023761645,0.009641723074171186,5.583384664028856e-06,0.004203765612449721,9,True,True,-0.03573078208433068,0.012528886991684326,1.0617795457512695e-05,0.0002681489598661358,0.04034780610809232,-0.00288716391751314,-5.034410793483839e-06,0.0039356166525835855,False,946176,
feasible,20,3,Tabu,0,9.133116440003505,0.007379152395057663,0.007379152395057663,0.021973872157851685,2.0931239330241443e-05,0.00014265378799106134,9,True,True,-0.03573078208433068,0.012528886991684326,1.0617795457512695e-05,0.0002681489598661358,0.04310993447938834,0.009444985166167359,1.0313443872728748e-05,-0.00012549517187507447,False,946176,
feasible,20,3,ACO,0,2.8590067559998715,0.006444899258992463,0.006444899258992463,0.01892194546926117,1.7711048664050454e-05,0.0003950412590521699,9,True,True,-0.03573078208433068,0.012528886991684326,1.0617795457512695e-05,0.0002681489598661358,0.04217568134332314,0.0063930584775768445,7.093253206537759e-06,0.0001268922991860341,False,946176,
feasible,20,3,NSGA-II,1,8.5464841360008,0.007371714002235304,0.007371714002235304,0.02195172187768565,2.0910140053243e-05,0.00014250998896701825,9,True,True,-0.03573078208433068,0.012528886991684326,1.0617795457512695e-05,0.0002681489598661358,0.04310249608656598,0.009422834886001324,1.0292344595730307e-05,-0.00012563897089911755,False,946176,
feasible,20,3,BruteForce,1,1.460699422750622e-05,,,,,,,,False,-0.03573078208433068,0.012528886991684326,1.0617795457512695e-05,0.0002681489598661358,,,,,False,946176,
feasible,20,3,GA,1,2.42717421999987,0.007379152395057663,0.007379152395057663,0.021973872157851685,2.0931239330241443e-05,0.00014265378799106134,9,True,True,-0.03573078208433068,0.012528886991684326,1.0617795457512695e-05,0.0002681489598661358,0.04310993447938834,0.009444985166167359,1.0313443872728748e-05,-0.00012549517187507447,False,946176,
feasible,20,3,HillClimb,1,0.3742740070010768,0.007371714002235304,0.007371714002235304,0.02195172187768565,2.0910140053243e-05,0.00014250998896701825,9,True,True,-0.03573078208433068,0.012528886991684326,1.0617795457512695e-05,0.0002681489598661358,0.04310249608656598,0.009422834886001324,1.0292344595730307e-05,-0.00012563897089911755,False,946176,
feasible,20,3,PSO,1,4.12640469300095,0.007379152395057663,0.007379152395057663,0.021973872157851685,2.0931239330241443e-05,0.00014265378799106134,9,True,True,-0.03573078208433068,0.012528886991684326,1.0617795457512695e-05,0.0002681489598661358,0.04310993447938834,0.009444985166167359,1.0313443872728748e-05,-0.00012549517187507447,False,946176,
feasible,20,3,Random,1,0.5479350620007608,0.006919283092973725,0.006919283092973725,0.02059868551281319,2.1156883856236158e-05,0.00013800688225174947,8,True,True,-0.03573078208433068,0.012528886991684326,1.0617795457512695e-05,0.0002681489598661358,0.0426500651773044,0.008069798521128864,1.0539088398723463e-05,-0.00013014207761438633,False,946176,
feasible,20,3,Greedy,1,0.2836200399979134,0.007379152395057663,0.007379152395057663,0.021973872157851685,2.0931239330241443e-05,0.00014265378799106134,9,True,True,-0.03573078208433068,0.012528886991684326,1.0617795457512695e-05,0.0002681489598661358,0.04310993447938834,0.009444985166167359,1.0313443872728748e-05,-0.00012549517187507447,False,946176,
feasible,20,3,SA,1,0.8321402970032068,0.005117771255842793,0.005117771255842793,0.015258102708673985,8.814126097941212e-06,8.639693275645468e-05,9,True,True,-0.03573078208433068,0.012528886991684326,1.0617795457512695e-05,0.0002681489598661358,0.04084855334017347,0.0027292157169896587,-1.8036693595714827e-06,-0.00018175202710968112,False,946176,
feasible,20,3,Tabu,1,9.36118569199607,0.007379152395057663,0.007379152395057663,0.021973872157851685,2.0931239330241443e-05,0.00014265378799106134,9,True,True,-0.03573078208433068,0.012528886991684326,1.0617795457512695e-05,0.0002681489598661358,0.04310993447938834,0.009444985166167359,1.0313443872728748e-05,-0.00012549517187507447,False,946176,
feasible,20,3,ACO,1,2.7333927060026326,0.006444899258992463,0.006444899258992463,0.01892194546926117,1.7711048664050454e-05,0.0003950412590521699,9,True,True,-0.03573078208433068,0.012528886991684326,1.0617795457512695e-05,0.0002681489598661358,0.04217568134332314,0.0063930584775768445,7.093253206537759e-06,0.0001268922991860341,False,946176,
feasible,20,3,NSGA-II,2,9.142370066001604,0.007379152395057663,0.007379152395057663,0.021973872157851685,2.0931239330241443e-05,0.00014265378799106134,9,True,True,-0.03573078208433068,0.012528886991684326,1.0617795457512695e-05,0.0002681489598661358,0.04310993447938834,0.009444985166167359,1.0313443872728748e-05,-0.00012549517187507447,False,946176,
feasible,20,3,BruteForce,2,1.273199450224638e-05,,,,,,,,False,-0.03573078208433068,0.012528886991684326,1.0617795457512695e-05,0.0002681489598661358,,,,,False,946176,
feasible,20,3,GA,2,2.251799714998924,0.007371714002235304,0.007371714002235304,0.02195172187768565,2.0910140053243e-05,0.00014250998896701825,9,True,True,-0.03573078208433068,0.012528886991684326,1.0617795457512695e-05,0.0002681489598661358,0.04310249608656598,0.009422834886001324,1.0292344595730307e-05,-0.00012563897089911755,False,946176,
feasible,20,3,HillClimb,2,0.5581781439977931,0.007379152395057663,0.007379152395057663,0.021973872157851685,2.0931239330241443e-05,0.00014265378799106134,9,True,True,-0.03573078208433068,0.012528886991684326,1.0617795457512695e-05,0.0002681489598661358,0.04310993447938834,0.009444985166167359,1.0313443872728748e-05,-0.00012549517187507447,False,946176,
feasible,20,3,PSO,2,4.129462430995773,0.007379152395057663,0.007379152395057663,0.021973872157851685,2.0931239330241443e-05,0.00014265378799106134,9,True,True,-0.03573078208433068,0.012528886991684326,1.0617795457512695e-05,0.0002681489598661358,0.04310993447938834,0.009444985166167359,1.0313443872728748e-05,-0.00012549517187507447,False,946176,
feasible,20,3,Random,2,0.5387546249985462,0.0065997551964241796,0.0065997551964241796,0.019641704915030422,2.1752802751520145e-05,0.00013580787149059523,8,True,True,-0.03573078208433068,0.012528886991684326,1.0617795457512695e-05,0.0002681489598661358,0.04233053728075486,0.007112817923346096,1.113500729400745e-05,-0.00013234108837554057,False,946176,
feasible,20,3,Greedy,2,0.27447117799601983,0.007379152395057663,0.007379152395057663,0.021973872157851685,2.0931239330241443e-05,0.00014265378799106134,9,True,True,-0.03573078208433068,0.012528886991684326,1.0617795457512695e-05,0.0002681489598661358,0.04310993447938834,0.009444985166167359,1.0313443872728748e-05,-0.00012549517187507447,False,946176,
feasible,20,3,SA,2,0.8098389400038286,0.00586006025597133,0.00586006025597133,0.01746076544354247,7.68612361990267e-06,0.00011172920075162111,9,True,True,-0.03573078208433068,0.012528886991684326,1.0617795457512695e-05,0.0002681489598661358,0.041590842340302005,0.004931878451858144,-2.9316718376100243e-06,-0.0001564197591145147,False,946176,
feasible,20,3,Tabu,2,9.15186833700136,0.007379152395057663,0.007379152395057663,0.021973872157851685,2.0931239330241443e-05,0.00014265378799106134,9,True,True,-0.03573078208433068,0.012528886991684326,1.0617795457512695e-05,0.0002681489598661358,0.04310993447938834,0.009444985166167359,1.0313443872728748e-05,-0.00012549517187507447,False,946176,
feasible,20,3,ACO,2,2.537720734006143,0.006444899258992463,0.006444899258992463,0.01892194546926117,1.7711048664050454e-05,0.0003950412590521699,9,True,True,-0.03573078208433068,0.012528886991684326,1.0617795457512695e-05,0.0002681489598661358,0.04217568134332314,0.0063930584775768445,7.093253206537759e-06,0.0001268922991860341,False,946176,
feasible,20,3,NSGA-II,3,8.556354619002377,0.007379152395057663,0.007379152395057663,0.021973872157851685,2.0931239330241443e-05,0.00014265378799106134,9,True,True,-0.03573078208433068,0.012528886991684326,1.0617795457512695e-05,0.0002681489598661358,0.04310993447938834,0.009444985166167359,1.0313443872728748e-05,-0.00012549517187507447,False,946176,
feasible,20,3,BruteForce,3,1.3766999472863972e-05,,,,,,,,False,-0.03573078208433068,0.012528886991684326,1.0617795457512695e-05,0.0002681489598661358,,,,,False,946176,
feasible,20,3,GA,3,2.552293473992904,0.007379152395057663,0.007379152395057663,0.021973872157851685,2.0931239330241443e-05,0.00014265378799106134,9,True,True,-0.03573078208433068,0.012528886991684326,1.0617795457512695e-05,0.0002681489598661358,0.04310993447938834,0.009444985166167359,1.0313443872728748e-05,-0.00012549517187507447,False,946176,
feasible,20,3,HillClimb,3,0.3802390929995454,0.0072180984102986,0.0072180984102986,0.021494280535109413,2.0474403731841443e-05,0.00013954029205454668,8,True,True,-0.03573078208433068,0.012528886991684326,1.0617795457512695e-05,0.0002681489598661358,0.04294888049462928,0.008965393543425087,9.856608274328749e-06,-0.00012860866781158912,False,946176,
feasible,20,3,PSO,3,3.7579415569998673,0.007379152395057663,0.007379152395057663,0.021973872157851685,2.0931239330241443e-05,0.00014265378799106134,9,True,True,-0.03573078208433068,0.012528886991684326,1.0617795457512695e-05,0.0002681489598661358,0.04310993447938834,0.009444985166167359,1.0313443872728748e-05,-0.00012549517187507447,False,946176,
feasible,20,3,Random,3,0.4638465690004523,0.006842769738370739,0.006842769738370739,0.020393213624822878,1.5127553956500704e-05,0.00011996803633283846,8,True,True,-0.03573078208433068,0.012528886991684326,1.0617795457512695e-05,0.0002681489598661358,0.042573551822701415,0.007864326633138552,4.509758498988009e-06,-0.00014818092353329734,False,946176,
feasible,20,3,Greedy,3,0.2416095810040133,0.007379152395057663,0.007379152395057663,0.021973872157851685,2.0931239330241443e-05,0.00014265378799106134,9,True,True,-0.03573078208433068,0.012528886991684326,1.0617795457512695e-05,0.0002681489598661358,0.04310993447938834,0.009444985166167359,1.0313443872728748e-05,-0.00012549517187507447,False,946176,
feasible,20,3,SA,3,0.6904803479992552,0.007287575842144658,0.007287575842144658,0.02171084622621593,1.5433353470903185e-05,0.00013644794674714053,8,True,True,-0.03573078208433068,0.012528886991684326,1.0617795457512695e-05,0.0002681489598661358,0.043018357926475334,0.009181959234531604,4.81555801339049e-06,-0.00013170101311899528,False,946176,
feasible,20,3,Tabu,3,9.969672622995859,0.007379152395057663,0.007379152395057663,0.021973872157851685,2.0931239330241443e-05,0.00014265378799106134,9,True,True,-0.03573078208433068,0.012528886991684326,1.0617795457512695e-05,0.0002681489598661358,0.04310993447938834,0.009444985166167359,1.0313443872728748e-05,-0.00012549517187507447,False,946176,
feasible,20,3,ACO,3,2.997041827002249,0.006444899258992463,0.006444899258992463,0.01892194546926117,1.7711048664050454e-05,0.0003950412590521699,9,True,True,-0.03573078208433068,0.012528886991684326,1.0617795457512695e-05,0.0002681489598661358,0.04217568134332314,0.0063930584775768445,7.093253206537759e-06,0.0001268922991860341,False,946176,
feasible,20,3,NSGA-II,4,9.292911285003356,0.007371714002235304,0.007371714002235304,0.02195172187768565,2.0910140053243e-05,0.00014250998896701825,9,True,True,-0.03573078208433068,0.012528886991684326,1.0617795457512695e-05,0.0002681489598661358,0.04310249608656598,0.009422834886001324,1.0292344595730307e-05,-0.00012563897089911755,False,946176,
feasible,20,3,BruteForce,4,1.3600001693703234e-05,,,,,,,,False,-0.03573078208433068,0.012528886991684326,1.0617795457512695e-05,0.0002681489598661358,,,,,False,946176,
feasible,20,3,GA,4,2.551014120996115,0.007379152395057663,0.007379152395057663,0.021973872157851685,2.0931239330241443e-05,0.00014265378799106134,9,True,True,-0.03573078208433068,0.012528886991684326,1.0617795457512695e-05,0.0002681489598661358,0.04310993447938834,0.009444985166167359,1.0313443872728748e-05,-0.00012549517187507447,False,946176,
feasible,20,3,HillClimb,4,0.7492035379982553,0.007379152395057663,0.007379152395057663,0.021973872157851685,2.0931239330241443e-05,0.00014265378799106134,9,True,True,-0.03573078208433068,0.012528886991684326,1.0617795457512695e-05,0.0002681489598661358,0.04310993447938834,0.009444985166167359,1.0313443872728748e-05,-0.00012549517187507447,False,946176,
feasible,20,3,PSO,4,4.129913361997751,0.007379152395057663,0.007379152395057663,0.021973872157851685,2.0931239330241443e-05,0.00014265378799106134,9,True,True,-0.03573078208433068,0.012528886991684326,1.0617795457512695e-05,0.0002681489598661358,0.04310993447938834,0.009444985166167359,1.0313443872728748e-05,-0.00012549517187507447,False,946176,
feasible,20,3,Random,4,0.5360393299997668,0.007070339523587398,0.007070339523587398,0.021058294151274533,1.6141005453668777e-05,0.0001365834140339949,9,True,True,-0.03573078208433068,0.012528886991684326,1.0617795457512695e-05,0.0002681489598661358,0.042801121607918075,0.008529407159590207,5.523209996156082e-06,-0.0001315655458321409,False,946176,
feasible,20,3,Greedy,4,0.27311157200165326,0.007379152395057663,0.007379152395057663,0.021973872157851685,2.0931239330241443e-05,0.00014265378799106134,9,True,True,-0.03573078208433068,0.012528886991684326,1.0617795457512695e-05,0.0002681489598661358,0.04310993447938834,0.009444985166167359,1.0313443872728748e-05,-0.00012549517187507447,False,946176,
feasible,20,3,SA,4,0.8175247610051883,0.0062625550693566154,0.0062625550693566154,0.018661785760712677,1.8771338201113396e-05,0.00010710810915605573,9,True,True,-0.03573078208433068,0.012528886991684326,1.0617795457512695e-05,0.0002681489598661358,0.04199333715368729,0.006132898769028351,8.153542743600701e-06,-0.00016104085071008006,False,946176,
feasible,20,3,Tabu,4,9.55099876600434,0.007379152395057663,0.007379152395057663,0.021973872157851685,2.0931239330241443e-05,0.00014265378799106134,9,True,True,-0.03573078208433068,0.012528886991684326,1.0617795457512695e-05,0.0002681489598661358,0.04310993447938834,0.009444985166167359,1.0313443872728748e-05,-0.00012549517187507447,False,946176,
feasible,20,3,ACO,4,2.9142295839992585,0.006444899258992463,0.006444899258992463,0.01892194546926117,1.7711048664050454e-05,0.0003950412590521699,9,True,True,-0.03573078208433068,0.012528886991684326,1.0617795457512695e-05,0.0002681489598661358,0.04217568134332314,0.0063930584775768445,7.093253206537759e-06,0.0001268922991860341,False,946176,
feasible,20,3,NSGA-II,5,8.099884677998489,0.007379152395057663,0.007379152395057663,0.021973872157851685,2.0931239330241443e-05,0.00014265378799106134,9,True,True,-0.03573078208433068,0.012528886991684326,1.0617795457512695e-05,0.0002681489598661358,0.04310993447938834,0.009444985166167359,1.0313443872728748e-05,-0.00012549517187507447,False,946176,
feasible,20,3,BruteForce,5,1.1568998161237687e-05,,,,,,,,False,-0.03573078208433068,0.012528886991684326,1.0617795457512695e-05,0.0002681489598661358,,,,,False,946176,
feasible,20,3,GA,5,2.131469981999544,0.007379152395057663,0.007379152395057663,0.021973872157851685,2.0931239330241443e-05,0.00014265378799106134,9,True,True,-0.03573078208433068,0.012528886991684326,1.0617795457512695e-05,0.0002681489598661358,0.04310993447938834,0.009444985166167359,1.0313443872728748e-05,-0.00012549517187507447,False,946176,
feasible,20,3,HillClimb,5,0.31682933599950047,0.0073570814467737375,0.0073570814467737375,0.021908148593676707,2.0868634267214753e-05,0.00014222711237729243,9,True,True,-0.03573078208433068,0.012528886991684326,1.0617795457512695e-05,0.0002681489598661358,0.043087863531104414,0.009379261601992381,1.0250838809702058e-05,-0.00012592184748884337,False,946176,
feasible,20,3,PSO,5,3.402021688998502,0.007379152395057663,0.007379152395057663,0.021973872157851685,2.0931239330241443e-05,0.00014265378799106134,9,True,True,-0.03573078208433068,0.012528886991684326,1.0617795457512695e-05,0.0002681489598661358,0.04310993447938834,0.009444985166167359,1.0313443872728748e-05,-0.00012549517187507447,False,946176,
feasible,20,3,Random,5,0.4531067239950062,0.006909158120768458,0.006909158120768458,0.020578231577058275,1.5773041525875606e-05,0.00013346974372122482,8,True,True,-0.03573078208433068,0.012528886991684326,1.0617795457512695e-05,0.0002681489598661358,0.04263994020509913,0.008049344585373949,5.155246068362911e-06,-0.00013467921614491099,False,946176,
feasible,20,3,Greedy,5,0.22289806000480894,0.007379152395057663,0.007379152395057663,0.021973872157851685,2.0931239330241443e-05,0.00014265378799106134,9,True,True,-0.03573078208433068,0.012528886991684326,1.0617795457512695e-05,0.0002681489598661358,0.04310993447938834,0.009444985166167359,1.0313443872728748e-05,-0.00012549517187507447,False,946176,
feasible,20,3,SA,5,0.704653511995275,0.005746525188824424,0.005746525188824424,0.017096908975634952,1.3963543345115862e-05,0.00012870304749320455,8,True,True,-0.03573078208433068,0.012528886991684326,1.0617795457512695e-05,0.0002681489598661358,0.0414773072731551,0.004568021983950626,3.345747887603167e-06,-0.00013944591237293125,False,946176,
feasible,20,3,Tabu,5,9.37565774399991,0.007379152395057663,0.007379152395057663,0.021973872157851685,2.0931239330241443e-05,0.00014265378799106134,9,True,True,-0.03573078208433068,0.012528886991684326,1.0617795457512695e-05,0.0002681489598661358,0.04310993447938834,0.009444985166167359,1.0313443872728748e-05,-0.00012549517187507447,False,946176,
feasible,20,3,ACO,5,2.9282397810020484,0.006444899258992463,0.006444899258992463,0.01892194546926117,1.7711048664050454e-05,0.0003950412590521699,9,True,True,-0.03573078208433068,0.012528886991684326,1.0617795457512695e-05,0.0002681489598661358,0.04217568134332314,0.0063930584775768445,7.093253206537759e-06,0.0001268922991860341,False,946176,
feasible,20,3,NSGA-II,6,9.233110123997903,0.007371714002235304,0.007371714002235304,0.02195172187768565,2.0910140053243e-05,0.00014250998896701825,9,True,True,-0.03573078208433068,0.012528886991684326,1.0617795457512695e-05,0.0002681489598661358,0.04310249608656598,0.009422834886001324,1.0292344595730307e-05,-0.00012563897089911755,False,946176,
feasible,20,3,BruteForce,6,1.4151002687867731e-05,,,,,,,,False,-0.03573078208433068,0.012528886991684326,1.0617795457512695e-05,0.0002681489598661358,,,,,False,946176,
feasible,20,3,GA,6,2.533624517003773,0.007379152395057663,0.007379152395057663,0.021973872157851685,2.0931239330241443e-05,0.00014265378799106134,9,True,True,-0.03573078208433068,0.012528886991684326,1.0617795457512695e-05,0.0002681489598661358,0.04310993447938834,0.009444985166167359,1.0313443872728748e-05,-0.00012549517187507447,False,946176,
feasible,20,3,HillClimb,6,0.3678450220031664,0.007379152395057663,0.007379152395057663,0.021973872157851685,2.0931239330241443e-05,0.00014265378799106134,9,True,True,-0.03573078208433068,0.012528886991684326,1.0617795457512695e-05,0.0002681489598661358,0.04310993447938834,0.009444985166167359,1.0313443872728748e-05,-0.00012549517187507447,False,946176,
feasible,20,3,PSO,6,3.8095972560040536,0.007379152395057663,0.007379152395057663,0.021973872157851685,2.0931239330241443e-05,0.00014265378799106134,9,True,True,-0.03573078208433068,0.012528886991684326,1.0617795457512695e-05,0.0002681489598661358,0.04310993447938834,0.009444985166167359,1.0313443872728748e-05,-0.00012549517187507447,False,946176,
feasible,20,3,Random,6,0.5391535309972824,0.006386605300289643,0.006386605300289643,0.01903973398834856,1.4292168016391232e-05,0.0001057897445039775,9,True,True,-0.03573078208433068,0.012528886991684326,1.0617795457512695e-05,0.0002681489598661358,0.04211738738462032,0.006510846996664233,3.674372558878537e-06,-0.0001623592153621583,False,946176,
feasible,20,3,Greedy,6,0.27651305699691875,0.007379152395057663,0.007379152395057663,0.021973872157851685,2.0931239330241443e-05,0.00014265378799106134,9,True,True,-0.03573078208433068,0.012528886991684326,1.0617795457512695e-05,0.0002681489598661358,0.04310993447938834,0.009444985166167359,1.0313443872728748e-05,-0.00012549517187507447,False,946176,
feasible,20,3,SA,6,0.8094387739984086,0.006891633637734203,0.006891633637734203,0.020516373165503993,2.107234094834665e-05,0.00013745540675027146,9,True,True,-0.03573078208433068,0.012528886991684326,1.0617795457512695e-05,0.0002681489598661358,0.04262241572206488,0.007987486173819667,1.0454545490833956e-05,-0.00013069355311586434,False,946176,
feasible,20,3,Tabu,6,9.382438554996043,0.007379152395057663,0.007379152395057663,0.021973872157851685,2.0931239330241443e-05,0.00014265378799106134,9,True,True,-0.03573078208433068,0.012528886991684326,1.0617795457512695e-05,0.0002681489598661358,0.04310993447938834,0.009444985166167359,1.0313443872728748e-05,-0.00012549517187507447,False,946176,
feasible,20,3,ACO,6,2.575056143999973,0.006444899258992463,0.006444899258992463,0.01892194546926117,1.7711048664050454e-05,0.0003950412590521699,9,True,True,-0.03573078208433068,0.012528886991684326,1.0617795457512695e-05,0.0002681489598661358,0.04217568134332314,0.0063930584775768445,7.093253206537759e-06,0.0001268922991860341,False,946176,
feasible,20,3,NSGA-II,7,8.318119282004773,0.007379152395057663,0.007379152395057663,0.021973872157851685,2.0931239330241443e-05,0.00014265378799106134,9,True,True,-0.03573078208433068,0.012528886991684326,1.0617795457512695e-05,0.0002681489598661358,0.04310993447938834,0.009444985166167359,1.0313443872728748e-05,-0.00012549517187507447,False,946176,
feasible,20,3,BruteForce,7,1.0382995242252946e-05,,,,,,,,False,-0.03573078208433068,0.012528886991684326,1.0617795457512695e-05,0.0002681489598661358,,,,,False,946176,
feasible,20,3,GA,7,2.2626138720006566,0.007379152395057663,0.007379152395057663,0.021973872157851685,2.0931239330241443e-05,0.00014265378799106134,9,True,True,-0.03573078208433068,0.012528886991684326,1.0617795457512695e-05,0.0002681489598661358,0.04310993447938834,0.009444985166167359,1.0313443872728748e-05,-0.00012549517187507447,False,946176,
feasible,20,3,HillClimb,7,0.6460671029999503,0.007379152395057663,0.007379152395057663,0.021973872157851685,2.0931239330241443e-05,0.00014265378799106134,9,True,True,-0.03573078208433068,0.012528886991684326,1.0617795457512695e-05,0.0002681489598661358,0.04310993447938834,0.009444985166167359,1.0313443872728748e-05,-0.00012549517187507447,False,946176,
feasible,20,3,PSO,7,3.8417929920033203,0.007379152395057663,0.007379152395057663,0.021973872157851685,2.0931239330241443e-05,0.00014265378799106134,9,True,True,-0.03573078208433068,0.012528886991684326,1.0617795457512695e-05,0.0002681489598661358,0.04310993447938834,0.009444985166167359,1.0313443872728748e-05,-0.00012549517187507447,False,946176,
feasible,20,3,Random,7,0.5373245650043827,0.006605431265369453,0.006605431265369453,0.019681067049128677,1.574184122521498e-05,0.00011948490575447058,8,True,True,-0.03573078208433068,0.012528886991684326,1.0617795457512695e-05,0.0002681489598661358,0.04233621334970013,0.007152180057444351,5.1240457677022844e-06,-0.00014866405411166522,False,946176,
feasible,20,3,Greedy,7,0.2766250240019872,0.007379152395057663,0.007379152395057663,0.021973872157851685,2.0931239330241443e-05,0.00014265378799106134,9,True,True,-0.03573078208433068,0.012528886991684326,1.0617795457512695e-05,0.0002681489598661358,0.04310993447938834,0.009444985166167359,1.0313443872728748e-05,-0.00012549517187507447,False,946176,
feasible,20,3,SA,7,0.8057866829985869,0.00429245140904769,0.00429245140904769,0.012769322366586964,7.324658205210991e-06,0.00010070720235089649,9,True,True,-0.03573078208433068,0.012528886991684326,1.0617795457512695e-05,0.0002681489598661358,0.040023233493378364,0.00024043537490263736,-3.2931372523017037e-06,-0.0001674417575152393,False,946176,
feasible,20,3,Tabu,7,8.42353027700301,0.007379152395057663,0.007379152395057663,0.021973872157851685,2.0931239330241443e-05,0.00014265378799106134,9,True,True,-0.03573078208433068,0.012528886991684326,1.0617795457512695e-05,0.0002681489598661358,0.04310993447938834,0.009444985166167359,1.0313443872728748e-05,-0.00012549517187507447,False,946176,
feasible,20,3,ACO,7,2.410979798005428,0.006444899258992463,0.006444899258992463,0.01892194546926117,1.7711048664050454e-05,0.0003950412590521699,9,True,True,-0.03573078208433068,0.012528886991684326,1.0617795457512695e-05,0.0002681489598661358,0.04217568134332314,0.0063930584775768445,7.093253206537759e-06,0.0001268922991860341,False,946176,
feasible,20,3,NSGA-II,8,7.744439830996271,0.007379152395057663,0.007379152395057663,0.021973872157851685,2.0931239330241443e-05,0.00014265378799106134,9,True,True,-0.03573078208433068,0.012528886991684326,1.0617795457512695e-05,0.0002681489598661358,0.04310993447938834,0.009444985166167359,1.0313443872728748e-05,-0.00012549517187507447,False,946176,
feasible,20,3,BruteForce,8,1.0978998034261167e-05,,,,,,,,False,-0.03573078208433068,0.012528886991684326,1.0617795457512695e-05,0.0002681489598661358,,,,,False,946176,
feasible,20,3,GA,8,2.1216966780048097,0.007371714002235304,0.007371714002235304,0.02195172187768565,2.0910140053243e-05,0.00014250998896701825,9,True,True,-0.03573078208433068,0.012528886991684326,1.0617795457512695e-05,0.0002681489598661358,0.04310249608656598,0.009422834886001324,1.0292344595730307e-05,-0.00012563897089911755,False,946176,
feasible,20,3,HillClimb,8,0.46103776899690274,0.007379152395057663,0.007379152395057663,0.021973872157851685,2.0931239330241443e-05,0.00014265378799106134,9,True,True,-0.03573078208433068,0.012528886991684326,1.0617795457512695e-05,0.0002681489598661358,0.04310993447938834,0.009444985166167359,1.0313443872728748e-05,-0.00012549517187507447,False,946176,
feasible,20,3,PSO,8,3.6044021689958754,0.007073669754176552,0.007073669754176552,0.021058294151274536,2.162894730791615e-05,0.0001410861639472035,9,True,True,-0.03573078208433068,0.012528886991684326,1.0617795457512695e-05,0.0002681489598661358,0.04280445183850723,0.00852940715959021,1.1011151850403454e-05,-0.0001270627959189323,False,946176,
feasible,20,3,Random,8,0.5375241099973209,0.0068815237418328,0.0068815237418328,0.020516373165503993,1.1357397691894957e-05,0.00011684066230251407,9,True,True,-0.03573078208433068,0.012528886991684326,1.0617795457512695e-05,0.0002681489598661358,0.042612305826163474,0.007987486173819667,7.396022343822625e-07,-0.00015130829756362173,False,946176,
feasible,20,3,Greedy,8,0.27618013699975563,0.007379152395057663,0.007379152395057663,0.021973872157851685,2.0931239330241443e-05,0.00014265378799106134,9,True,True,-0.03573078208433068,0.012528886991684326,1.0617795457512695e-05,0.0002681489598661358,0.04310993447938834,0.009444985166167359,1.0313443872728748e-05,-0.00012549517187507447,False,946176,
feasible,20,3,SA,8,0.8079283510014648,0.006126269496670406,0.006126269496670406,0.01802467570636104,1.3138344387713112e-05,0.00034099443926246723,9,True,True,-0.03573078208433068,0.012528886991684326,1.0617795457512695e-05,0.0002681489598661358,0.04185705158100109,0.005495788714676713,2.5205489302004174e-06,7.284547939633143e-05,False,946176,
feasible,20,3,Tabu,8,9.584275020002679,0.007379152395057663,0.007379152395057663,0.021973872157851685,2.0931239330241443e-05,0.00014265378799106134,9,True,True,-0.03573078208433068,0.012528886991684326,1.0617795457512695e-05,0.0002681489598661358,0.04310993447938834,0.009444985166167359,1.0313443872728748e-05,-0.00012549517187507447,False,946176,
feasible,20,3,ACO,8,2.9674475119973067,0.006444899258992463,0.006444899258992463,0.01892194546926117,1.7711048664050454e-05,0.0003950412590521699,9,True,True,-0.03573078208433068,0.012528886991684326,1.0617795457512695e-05,0.0002681489598661358,0.04217568134332314,0.0063930584775768445,7.093253206537759e-06,0.0001268922991860341,False,946176,
feasible,20,3,NSGA-II,9,9.25284868000017,0.007379152395057663,0.007379152395057663,0.021973872157851685,2.0931239330241443e-05,0.00014265378799106134,9,True,True,-0.03573078208433068,0.012528886991684326,1.0617795457512695e-05,0.0002681489598661358,0.04310993447938834,0.009444985166167359,1.0313443872728748e-05,-0.00012549517187507447,False,946176,
feasible,20,3,BruteForce,9,1.4304998330771923e-05,,,,,,,,False,-0.03573078208433068,0.012528886991684326,1.0617795457512695e-05,0.0002681489598661358,,,,,False,946176,
feasible,20,3,GA,9,2.539204281005368,0.007371714002235304,0.007371714002235304,0.02195172187768565,2.0910140053243e-05,0.00014250998896701825,9,True,True,-0.03573078208433068,0.012528886991684326,1.0617795457512695e-05,0.0002681489598661358,0.04310249608656598,0.009422834886001324,1.0292344595730307e-05,-0.00012563897089911755,False,946176,
feasible,20,3,HillClimb,9,0.3697129979991587,0.0073569705742308365,0.0073569705742308365,0.02190781843393029,2.0868319773136506e-05,0.00014222496898908416,8,True,True,-0.03573078208433068,0.012528886991684326,1.0617795457512695e-05,0.0002681489598661358,0.04308775265856151,0.009378931442245964,1.025052431562381e-05,-0.00012592399087705164,False,946176,
feasible,20,3,PSO,9,4.161748252998223,0.007379152395057663,0.007379152395057663,0.021973872157851685,2.0931239330241443e-05,0.00014265378799106134,9,True,True,-0.03573078208433068,0.012528886991684326,1.0617795457512695e-05,0.0002681489598661358,0.04310993447938834,0.009444985166167359,1.0313443872728748e-05,-0.00012549517187507447,False,946176,
feasible,20,3,Random,9,0.5485142670004279,0.007269017623167378,0.007269017623167378,0.02164590936916173,2.0618837966832684e-05,0.00014052466237357133,9,True,True,-0.03573078208433068,0.012528886991684326,1.0617795457512695e-05,0.0002681489598661358,0.04299979970749805,0.009117022377477404,1.0001042509319989e-05,-0.00012762429749256447,False,946176,
feasible,20,3,Greedy,9,0.28642020400002366,0.007379152395057663,0.007379152395057663,0.021973872157851685,2.0931239330241443e-05,0.00014265378799106134,9,True,True,-0.03573078208433068,0.012528886991684326,1.0617795457512695e-05,0.0002681489598661358,0.04310993447938834,0.009444985166167359,1.0313443872728748e-05,-0.00012549517187507447,False,946176,
feasible,20,3,SA,9,0.7995630579971476,0.004721159475232683,0.004721159475232683,0.014050768363393043,1.0928928597157521e-05,0.00010178113370784923,9,True,True,-0.03573078208433068,0.012528886991684326,1.0617795457512695e-05,0.0002681489598661358,0.04045194155956336,0.0015218813717087169,3.111331396448262e-07,-0.00016636782615828659,False,946176,
feasible,20,3,Tabu,9,9.194309660000727,0.007379152395057663,0.007379152395057663,0.021973872157851685,2.0931239330241443e-05,0.00014265378799106134,9,True,True,-0.03573078208433068,0.012528886991684326,1.0617795457512695e-05,0.0002681489598661358,0.04310993447938834,0.009444985166167359,1.0313443872728748e-05,-0.00012549517187507447,False,946176,
feasible,20,3,ACO,9,2.6030876180011546,0.006444899258992463,0.006444899258992463,0.01892194546926117,1.7711048664050454e-05,0.0003950412590521699,9,True,True,-0.03573078208433068,0.012528886991684326,1.0617795457512695e-05,0.0002681489598661358,0.04217568134332314,0.0063930584775768445,7.093253206537759e-06,0.0001268922991860341,False,946176,
feasible,50,6,NSGA-II,0,21.837071766000008,6.990127449033548e-12,6.990127449033548e-12,2.097038234484e-11,2.2606194661637046e-21,2.483912058526976e-26,9,True,True,-0.3199999999984247,4.7258731259749755e-12,5.798436637442449e-25,3.48176536474803e-24,0.32000000000541484,1.6244509218865026e-11,2.2600396224999602e-21,-3.45692624416276e-24,False,478117271219208192,
feasible,50,6,BruteForce,0,2.014499477809295e-05,,,,,,,,False,-0.3199999999984247,4.7258731259749755e-12,5.798436637442449e-25,3.48176536474803e-24,,,,,False,478117271219208192,
feasible,50,6,GA,0,5.377189942999394,7.682941007137667e-12,7.682941007137667e-12,2.304882302051921e-11,8.937851617970678e-22,5.304281598843165e-27,9,True,True,-0.3199999999984247,4.7258731259749755e-12,5.798436637442449e-25,3.48176536474803e-24,0.3200000000061077,1.8322949894544234e-11,8.932053181333237e-22,-3.476461083149187e-24,False,478117271219208192,
feasible,50,6,HillClimb,0,2.870888716999616,9.131082773413161e-12,9.131082773413161e-12,2.7393248317842282e-11,2.397192853342045e-21,9.179517994307362e-27,9,True,True,-0.3199999999984247,4.7258731259749755e-12,5.798436637442449e-25,3.48176536474803e-24,0.3200000000075558,2.2667375191867307e-11,2.3966130096783005e-21,-3.4725858467537225e-24,False,478117271219208192,
feasible,50,6,PSO,0,9.081480474000273,7.611178469910399e-12,7.611178469910399e-12,2.283353540761405e-11,2.1171254105591405e-21,2.5394167600817154e-26,9,True,True,-0.3199999999984247,4.7258731259749755e-12,5.798436637442449e-25,3.48176536474803e-24,0.3200000000060359,1.8107662281639076e-11,2.116545566895396e-21,-3.456371197147213e-24,False,478117271219208192,
feasible,50,6,Random,0,1.602385606005555,3.188928842125368e-13,3.188928842125368e-13,9.566785936130605e-13,7.358175373357838e-26,5.902447618667587e-20,9,True,True,-0.3199999999984247,4.7258731259749755e-12,5.798436637442449e-25,3.48176536474803e-24,0.3199999999987436,-3.769194532361915e-12,-5.062619100106665e-25,5.902099442131112e-20,False,478117271219208192,
feasible,50,6,Greedy,0,4.135984100001224,8.489472949558005e-12,8.489472949558005e-12,2.5468418848350257e-11,3.2375459340167895e-22,3.548486744730363e-27,9,True,True,-0.3199999999984247,4.7258731259749755e-12,5.798436637442449e-25,3.48176536474803e-24,0.3200000000069142,2.074254572237528e-11,3.231747497379347e-22,-3.478216878003299e-24,False,478117271219208192,
feasible,50,6,SA,0,2.2176678430041648,-0.04999999999975712,0.0,7.286468657392162e-13,6.226001862424925e-26,8.29302760671092e-21,11,False,True,-0.3199999999984247,4.7258731259749755e-12,5.798436637442449e-25,3.48176536474803e-24,0.2699999999986676,-3.99722626023576e-12,-5.175836451199956e-25,8.289545841346172e-21,False,478117271219208192,
feasible,50,6,Tabu,0,84.90552273800131,9.27878345176053e-12,9.27878345176053e-12,2.7836350352845614e-11,2.43596886921598e-21,9.328002141073473e-27,9,True,True,-0.3199999999984247,4.7258731259749755e-12,5.798436637442449e-25,3.48176536474803e-24,0.3200000000077035,2.3110477226870638e-11,2.4353890255522357e-21,-3.4724373626069566e-24,False,478117271219208192,
feasible,50,6,ACO,0,7.849187002997496,4.671340531264229e-13,4.671340531264229e-13,1.4014021593680568e-12,8.710348021515215e-25,1.034111388529843e-23,9,True,True,-0.3199999999984247,4.7258731259749755e-12,5.798436637442449e-25,3.48176536474803e-24,0.31999999999889184,-3.3244709666069186e-12,2.9119113840727655e-25,6.859348520550401e-24,False,478117271219208192,
feasible,50,6,NSGA-II,1,21.816636286996072,-0.019999999995706882,0.0,1.287935463495015e-11,3.9724442948569137e-22,3.2812513118947917e-25,10,False,True,-0.3199999999984247,4.7258731259749755e-12,5.798436637442449e-25,3.48176536474803e-24,0.3000000000027178,8.153481508975175e-12,3.966645858219471e-22,-3.153640233558551e-24,False,478117271219208192,
feasible,50,6,BruteForce,1,1.705000613583252e-05,,,,,,,,False,-0.3199999999984247,4.7258731259749755e-12,5.798436637442449e-25,3.48176536474803e-24,,,,,False,478117271219208192,
feasible,50,6,GA,1,6.059186627004237,7.337440360271594e-12,7.337440360271594e-12,2.2012321080098027e-11,7.167517517054137e-22,4.73730501150758e-27,9,True,True,-0.3199999999984247,4.7258731259749755e-12,5.798436637442449e-25,3.48176536474803e-24,0.3200000000057622,1.7286447954123052e-11,7.161719080416695e-22,-3.477028059736522e-24,False,478117271219208192,
feasible,50,6,HillClimb,1,5.432930226997996,9.131082773413168e-12,9.131082773413168e-12,2.7393248317842302e-11,2.3971928533420426e-21,9.179517994307366e-27,9,True,True,-0.3199999999984247,4.7258731259749755e-12,5.798436637442449e-25,3.48176536474803e-24,0.3200000000075558,2.2667375191867326e-11,2.3966130096782982e-21,-3.4725858467537225e-24,False,478117271219208192,
feasible,50,6,PSO,1,9.752402209996944,8.102222241725622e-12,8.102222241725622e-12,2.43066667242343e-11,9.425617104841567e-22,5.5937522241283296e-27,9,True,True,-0.3199999999984247,4.7258731259749755e-12,5.798436637442449e-25,3.48176536474803e-24,0.32000000000652695,1.9580793598259325e-11,9.419818668204125e-22,-3.476171612523901e-24,False,478117271219208192,
feasible,50,6,Random,1,1.311398204001307,-0.009999999999682948,0.0,9.511557030625545e-13,1.7755785279646564e-24,5.3496551620956e-23,10,False,True,-0.3199999999984247,4.7258731259749755e-12,5.798436637442449e-25,3.48176536474803e-24,0.3099999999987418,-3.774717422912421e-12,1.1957348642204116e-24,5.0014786256207974e-23,False,478117271219208192,
feasible,50,6,Greedy,1,3.000294165001833,8.489472949558005e-12,8.489472949558005e-12,2.5468418848350257e-11,3.2375459340167895e-22,3.548486744730363e-27,9,True,True,-0.3199999999984247,4.7258731259749755e-12,5.798436637442449e-25,3.48176536474803e-24,0.3200000000069142,2.074254572237528e-11,3.231747497379347e-22,-3.478216878003299e-24,False,478117271219208192,
feasible,50,6,SA,1,1.8725596709991805,-0.01999999999930992,0.0,2.0702367334913895e-12,1.1120440170088455e-24,2.999298549940706e-22,10,False,True,-0.3199999999984247,4.7258731259749755e-12,5.798436637442449e-25,3.48176536474803e-24,0.2999999999991148,-2.655636392483586e-12,5.322003532646006e-25,2.9644808962932254e-22,False,478117271219208192,
feasible,50,6,Tabu,1,84.55086694299825,9.27878345176053e-12,9.27878345176053e-12,2.7836350352845614e-11,2.43596886921598e-21,9.328002141073473e-27,9,True,True,-0.3199999999984247,4.7258731259749755e-12,5.798436637442449e-25,3.48176536474803e-24,0.3200000000077035,2.3110477226870638e-11,2.4353890255522357e-21,-3.4724373626069566e-24,False,478117271219208192,
feasible,50,6,ACO,1,7.267432945001929,9.662762963629972e-14,9.662762963629972e-14,2.8988288494229537e-13,1.5639340455578573e-25,3.966447429273002e-21,9,True,True,-0.3199999999984247,4.7258731259749755e-12,5.798436637442449e-25,3.48176536474803e-24,0.31999999999852136,-4.4359902410326805e-12,-4.2345025918845915e-25,3.962965663908254e-21,False,478117271219208192,
feasible,50,6,NSGA-II,2,22.16470101199957,-0.029999999997885617,0.0,6.343142155930649e-12,7.149435711732815e-24,3.5393958276273154e-22,10,False,True,-0.3199999999984247,4.7258731259749755e-12,5.798436637442449e-25,3.48176536474803e-24,0.2900000000005391,1.6172690299556733e-12,6.5695920479885696e-24,3.504578173979835e-22,False,478117271219208192,
feasible,50,6,BruteForce,2,1.841499761212617e-05,,,,,,,,False,-0.3199999999984247,4.7258731259749755e-12,5.798436637442449e-25,3.48176536474803e-24,,,,,False,478117271219208192,
feasible,50,6,GA,2,6.112782797004911,7.889025433244723e-12,7.889025433244723e-12,2.3667076298663777e-11,1.070385707549021e-21,4.9893348959692456e-27,9,True,True,-0.3199999999984247,4.7258731259749755e-12,5.798436637442449e-25,3.48176536474803e-24,0.32000000000631373,1.89412031726888e-11,1.0698058638852768e-21,-3.47677602985206e-24,False,478117271219208192,
feasible,50,6,HillClimb,2,2.1943890760012437,-0.009999999990923594,0.0,2.7229217327769057e-11,1.2429002991593153e-21,7.034751965133374e-27,10,False,True,-0.3199999999984247,4.7258731259749755e-12,5.798436637442449e-25,3.48176536474803e-24,0.3100000000075011,2.2503344201794082e-11,1.2423204554955711e-21,-3.474730612782897e-24,False,478117271219208192,
feasible,50,6,PSO,2,10.019866925002134,6.88793054622171e-12,6.88793054622171e-12,2.0663791637493532e-11,1.1715942701689403e-21,4.788082527957943e-27,9,True,True,-0.3199999999984247,4.7258731259749755e-12,5.798436637442449e-25,3.48176536474803e-24,0.32000000000531265,1.5937918511518557e-11,1.1710144265051961e-21,-3.476977282220072e-24,False,478117271219208192,
feasible,50,6,Random,2,1.39737998599594,-0.009999999998845538,0.0,3.463384059876602e-12,1.0195525916760926e-22,6.69800329568372e-26,10,False,True,-0.3199999999984247,4.7258731259749755e-12,5.798436637442449e-25,3.48176536474803e-24,0.30999999999957917,-1.2624890660983735e-12,1.0137541550386501e-22,-3.414785331791193e-24,False,478117271219208192,
feasible,50,6,Greedy,2,3.081895641000301,8.489472949558005e-12,8.489472949558005e-12,2.5468418848350257e-11,3.2375459340167895e-22,3.548486744730363e-27,9,True,True,-0.3199999999984247,4.7258731259749755e-12,5.798436637442449e-25,3.48176536474803e-24,0.3200000000069142,2.074254572237528e-11,3.231747497379347e-22,-3.478216878003299e-24,False,478117271219208192,
feasible,50,6,SA,2,2.0383277100045234,3.394713696939573e-13,3.394713696939573e-13,1.0184141054442548e-12,2.908397041092174e-25,3.637326240919694e-21,9,True,True,-0.3199999999984247,4.7258731259749755e-12,5.798436637442449e-25,3.48176536474803e-24,0.31999999999876416,-3.707459020530721e-12,-2.890039596350275e-25,3.633844475554946e-21,False,478117271219208192,
feasible,50,6,Tabu,2,84.8878731069999,9.27878345176053e-12,9.27878345176053e-12,2.7836350352845614e-11,2.43596886921598e-21,9.328002141073473e-27,9,True,True,-0.3199999999984247,4.7258731259749755e-12,5.798436637442449e-25,3.48176536474803e-24,0.3200000000077035,2.3110477226870638e-11,2.4353890255522357e-21,-3.4724373626069566e-24,False,478117271219208192,
feasible,50,6,ACO,2,7.185167286996148,7.508428756125683e-13,7.508428756125683e-13,2.2525286265600145e-12,2.5919429457536526e-25,2.7743125611810457e-22,9,True,True,-0.3199999999984247,4.7258731259749755e-12,5.798436637442449e-25,3.48176536474803e-24,0.31999999999917556,-2.473344499414961e-12,-3.2064936916887964e-25,2.7394949075335653e-22,False,478117271219208192,
feasible,50,6,NSGA-II,3,21.810196796002856,-0.01999999999255061,0.0,2.2348170618330228e-11,1.6136527961657622e-21,2.252194878509169e-26,10,False,True,-0.3199999999984247,4.7258731259749755e-12,5.798436637442449e-25,3.48176536474803e-24,0.3000000000058741,1.7622297492355253e-11,1.613072952502018e-21,-3.459243415962938e-24,False,478117271219208192,
feasible,50,6,BruteForce,3,1.8852995708584785e-05,,,,,,,,False,-0.3199999999984247,4.7258731259749755e-12,5.798436637442449e-25,3.48176536474803e-24,,,,,False,478117271219208192,
feasible,50,6,GA,3,5.854608980000194,7.2179363129789216e-12,7.2179363129789216e-12,2.1653808938664027e-11,2.7273621685825737e-22,2.461840533083125e-27,9,True,True,-0.3199999999984247,4.7258731259749755e-12,5.798436637442449e-25,3.48176536474803e-24,0.32000000000564266,1.692793581268905e-11,2.721563731945131e-22,-3.4793035242149466e-24,False,478117271219208192,
feasible,50,6,HillClimb,3,3.056939299996884,8.94982622052646e-12,8.94982622052646e-12,2.6849478659229763e-11,2.349607378105022e-21,8.997299978098559e-27,9,True,True,-0.3199999999984247,4.7258731259749755e-12,5.798436637442449e-25,3.48176536474803e-24,0.32000000000737455,2.2123605533254787e-11,2.3490275344412777e-21,-3.4727680647699316e-24,False,478117271219208192,
feasible,50,6,PSO,3,9.179869082996447,7.282753043354545e-12,7.282753043354545e-12,2.1848259129377433e-11,6.861973637301117e-22,4.71775101040537e-27,9,True,True,-0.3199999999984247,4.7258731259749755e-12,5.798436637442449e-25,3.48176536474803e-24,0.32000000000570744,1.7122386003402458e-11,6.856175200663674e-22,-3.477047613737624e-24,False,478117271219208192,
feasible,50,6,Random,3,1.2138547969952924,-0.009999999997395197,0.0,7.814410489824297e-12,1.8432751895995653e-23,1.0526535583131006e-25,10,False,True,-0.3199999999984247,4.7258731259749755e-12,5.798436637442449e-25,3.48176536474803e-24,0.3100000000010295,3.0885373638493216e-12,1.785290823225141e-23,-3.37650000891672e-24,False,478117271219208192,
feasible,50,6,Greedy,3,2.7239196350055863,8.489472949558005e-12,8.489472949558005e-12,2.5468418848350257e-11,3.2375459340167895e-22,3.548486744730363e-27,9,True,True,-0.3199999999984247,4.7258731259749755e-12,5.798436637442449e-25,3.48176536474803e-24,0.3200000000069142,2.074254572237528e-11,3.231747497379347e-22,-3.478216878003299e-24,False,478117271219208192,
feasible,50,6,SA,3,1.7554307839964167,-0.0099999999993575,0.0,1.9274990759604887e-12,4.28963196604953e-23,1.2229753137341515e-25,10,False,True,-0.3199999999984247,4.7258731259749755e-12,5.798436637442449e-25,3.48176536474803e-24,0.3099999999990672,-2.798374050014487e-12,4.2316475996751056e-23,-3.3594678333746146e-24,False,478117271219208192,
feasible,50,6,Tabu,3,78.81413030399563,9.27878345176053e-12,9.27878345176053e-12,2.7836350352845614e-11,2.43596886921598e-21,9.328002141073473e-27,9,True,True,-0.3199999999984247,4.7258731259749755e-12,5.798436637442449e-25,3.48176536474803e-24,0.3200000000077035,2.3110477226870638e-11,2.4353890255522357e-21,-3.4724373626069566e-24,False,478117271219208192,
feasible,50,6,ACO,3,6.3151877769996645,6.442790628005072e-13,6.442790628005072e-13,1.932837188392169e-12,6.2395557050256085e-24,3.113073487082871e-24,9,True,True,-0.3199999999984247,4.7258731259749755e-12,5.798436637442449e-25,3.48176536474803e-24,0.319999999999069,-2.7930359375828066e-12,5.659712041281363e-24,-3.6869187766515895e-25,False,478117271219208192,
feasible,50,6,NSGA-II,4,18.910679840002558,-0.039999999997862176,0.0,6.413468870749479e-12,3.895770923581842e-23,1.5401085798086383e-23,11,False,True,-0.3199999999984247,4.7258731259749755e-12,5.798436637442449e-25,3.48176536474803e-24,0.2800000000005625,1.687595744774504e-12,3.8377865572074174e-23,1.1919320433338354e-23,False,478117271219208192,
feasible,50,6,BruteForce,4,1.5104000340215862e-05,,,,,,,,False,-0.3199999999984247,4.7258731259749755e-12,5.798436637442449e-25,3.48176536474803e-24,,,,,False,478117271219208192,
feasible,50,6,GA,4,5.377211851002357,7.080910684599901e-12,7.080910684599901e-12,2.1242732053404874e-11,3.948272911797498e-22,2.9800624769750078e-27,9,True,True,-0.3199999999984247,4.7258731259749755e-12,5.798436637442449e-25,3.48176536474803e-24,0.3200000000055056,1.6516858927429898e-11,3.9424744751600556e-22,-3.478785302271055e-24,False,478117271219208192,
feasible,50,6,HillClimb,4,1.8968847020005342,-0.009999999990571128,0.0,2.828661982601281e-11,2.475372110139814e-21,9.47888810696067e-27,10,False,True,-0.3199999999984247,4.7258731259749755e-12,5.798436637442449e-25,3.48176536474803e-24,0.3100000000078536,2.3560746700037836e-11,2.4747922664760696e-21,-3.4722864766410694e-24,False,478117271219208192,
feasible,50,6,PSO,4,8.670799589002854,6.160493180372199e-12,6.160493180372199e-12,1.8481479540978645e-11,1.378217561434468e-22,1.2775906534140485e-25,9,True,True,-0.3199999999984247,4.7258731259749755e-12,5.798436637442449e-25,3.48176536474803e-24,0.3200000000045852,1.375560641500367e-11,1.3724191247970257e-22,-3.354006299406625e-24,False,478117271219208192,
feasible,50,6,Random,4,1.4723708070014254,9.100066404013532e-14,9.100066404013532e-14,2.7300198805046006e-13,8.40166590027723e-25,4.069105773753476e-21,9,True,True,-0.3199999999984247,4.7258731259749755e-12,5.798436637442449e-25,3.48176536474803e-24,0.3199999999985157,-4.452871137924516e-12,2.603229262834781e-25,4.065624008388728e-21,False,478117271219208192,
feasible,50,6,Greedy,4,2.683889909996651,8.489472949558005e-12,8.489472949558005e-12,2.5468418848350257e-11,3.2375459340167895e-22,3.548486744730363e-27,9,True,True,-0.3199999999984247,4.7258731259749755e-12,5.798436637442449e-25,3.48176536474803e-24,0.3200000000069142,2.074254572237528e-11,3.231747497379347e-22,-3.478216878003299e-24,False,478117271219208192,
feasible,50,6,SA,4,1.6913089709996711,-0.019999999999911235,0.0,2.662994570880987e-13,1.7079832150201442e-25,5.503114095059395e-20,10,False,True,-0.3199999999984247,4.7258731259749755e-12,5.798436637442449e-25,3.48176536474803e-24,0.29999999999851346,-4.459573668886877e-12,-4.090453422422305e-25,5.502765918522919e-20,False,478117271219208192,
feasible,50,6,Tabu,4,79.60995473100047,9.27878345176053e-12,9.27878345176053e-12,2.7836350352845614e-11,2.43596886921598e-21,9.328002141073473e-27,9,True,True,-0.3199999999984247,4.7258731259749755e-12,5.798436637442449e-25,3.48176536474803e-24,0.3200000000077035,2.3110477226870638e-11,2.4353890255522357e-21,-3.4724373626069566e-24,False,478117271219208192,
feasible,50,6,ACO,4,7.430413191003026,5.615509206767296e-13,5.615509206767296e-13,1.6846527419708693e-12,1.9479595176036158e-25,2.005912492319456e-20,9,True,True,-0.3199999999984247,4.7258731259749755e-12,5.798436637442449e-25,3.48176536474803e-24,0.31999999999898626,-3.041220384004106e-12,-3.8504771198388334e-25,2.0055643157829813e-20,False,478117271219208192,
feasible,50,6,NSGA-II,5,21.529546415004006,-0.009999999999754549,0.0,7.363472399961236e-13,8.869550684366682e-26,4.813492320939569e-18,10,False,True,-0.3199999999984247,4.7258731259749755e-12,5.798436637442449e-25,3.48176536474803e-24,0.3099999999986702,-3.9895258859788515e-12,-4.911481569005781e-25,4.8134888391742045e-18,False,478117271219208192,
feasible,50,6,BruteForce,5,1.9719998817890882e-05,,,,,,,,False,-0.3199999999984247,4.7258731259749755e-12,5.798436637442449e-25,3.48176536474803e-24,,,,,False,478117271219208192,
feasible,50,6,GA,5,6.003065274999244,8.816248944975945e-12,8.816248944975945e-12,2.644874683405591e-11,8.719208864619483e-22,5.9998083057605625e-27,9,True,True,-0.3199999999984247,4.7258731259749755e-12,5.798436637442449e-25,3.48176536474803e-24,0.32000000000724094,2.1722873708080936e-11,8.713410427982041e-22,-3.47576555644227e-24,False,478117271219208192,
feasible,50,6,HillClimb,5,3.349706608998531,9.05811645565969e-12,9.05811645565969e-12,2.717434936460102e-11,2.3780369284869298e-21,9.106164631577306e-27,9,True,True,-0.3199999999984247,4.7258731259749755e-12,5.798436637442449e-25,3.48176536474803e-24,0.32000000000748285,2.2448476238626045e-11,2.3774570848231854e-21,-3.472659200116453e-24,False,478117271219208192,
feasible,50,6,PSO,5,10.098163419999764,8.166591308894038e-12,8.166591308894038e-12,2.4499773925280153e-11,1.4019571685522921e-21,6.957116510844906e-27,9,True,True,-0.3199999999984247,4.7258731259749755e-12,5.798436637442449e-25,3.48176536474803e-24,0.3200000000065913,1.9773900799305178e-11,1.401377324888548e-21,-3.474808248237185e-24,False,478117271219208192,
feasible,50,6,Random,5,1.2558733470068546,-0.00999999999985864,0.0,4.240813747784228e-13,1.0137492733122827e-25,5.089178348204929e-21,10,False,True,-0.3199999999984247,4.7258731259749755e-12,5.798436637442449e-25,3.48176536474803e-24,0.3099999999985661,-4.3017917511965525e-12,-4.784687364130166e-25,5.085696582840181e-21,False,478117271219208192,
feasible,50,6,Greedy,5,2.95457557500049,8.489472949558005e-12,8.489472949558005e-12,2.5468418848350257e-11,3.2375459340167895e-22,3.548486744730363e-27,9,True,True,-0.3199999999984247,4.7258731259749755e-12,5.798436637442449e-25,3.48176536474803e-24,0.3200000000069142,2.074254572237528e-11,3.231747497379347e-22,-3.478216878003299e-24,False,478117271219208192,
feasible,50,6,SA,5,1.9555831999969087,-0.18999999999973322,0.0,8.003558735333641e-13,1.3120969250837648e-25,3.2067660131346765e-22,12,False,True,-0.3199999999984247,4.7258731259749755e-12,5.798436637442449e-25,3.48176536474803e-24,0.1299999999986915,-3.925517252441611e-12,-4.486339712358684e-25,3.171948359487196e-22,False,478117271219208192,
feasible,50,6,Tabu,5,83.53816149100021,9.27878345176053e-12,9.27878345176053e-12,2.7836350352845614e-11,2.43596886921598e-21,9.328002141073473e-27,9,True,True,-0.3199999999984247,4.7258731259749755e-12,5.798436637442449e-25,3.48176536474803e-24,0.3200000000077035,2.3110477226870638e-11,2.4353890255522357e-21,-3.4724373626069566e-24,False,478117271219208192,
feasible,50,6,ACO,5,6.729365079998388,1.4663580519525284e-12,1.4663580519525284e-12,4.399074155811643e-12,4.4327036101579074e-23,1.6155017234728724e-24,9,True,True,-0.3199999999984247,4.7258731259749755e-12,5.798436637442449e-25,3.48176536474803e-24,0.3199999999998911,-3.267989701633328e-13,4.374719243783483e-23,-1.8662636412751573e-24,False,478117271219208192,
feasible,50,6,NSGA-II,6,20.08242498999607,3.576011559049161e-13,3.576011559049161e-13,1.0728029996259408e-12,3.7022652048817214e-26,4.680887705086031e-19,9,True,True,-0.3199999999984247,4.7258731259749755e-12,5.798436637442449e-25,3.48176536474803e-24,0.3199999999987823,-3.653070126349035e-12,-5.428210116954277e-25,4.680852887432383e-19,False,478117271219208192,
feasible,50,6,BruteForce,6,1.832999987527728e-05,,,,,,,,False,-0.3199999999984247,4.7258731259749755e-12,5.798436637442449e-25,3.48176536474803e-24,,,,,False,478117271219208192,
feasible,50,6,GA,6,6.097729918998084,7.1494016362478e-12,7.1494016362478e-12,2.1448204908088106e-11,6.552918180380218e-22,4.2603809502823176e-27,9,True,True,-0.3199999999984247,4.7258731259749755e-12,5.798436637442449e-25,3.48176536474803e-24,0.3200000000055741,1.672233178211313e-11,6.547119743742775e-22,-3.4775049837977474e-24,False,478117271219208192,
feasible,50,6,HillClimb,6,2.2677872860003845,-0.019999999991032105,0.0,2.690369067315473e-11,2.3543514906264125e-21,9.015466504081828e-27,10,False,True,-0.3199999999984247,4.7258731259749755e-12,5.798436637442449e-25,3.48176536474803e-24,0.30000000000739263,2.2177817547179753e-11,2.353771646962668e-21,-3.472749898243948e-24,False,478117271219208192,
feasible,50,6,PSO,6,10.26356435699563,8.086906131467727e-12,8.086906131467727e-12,2.426071839394274e-11,4.604374178281375e-22,3.972928408941878e-27,9,True,True,-0.3199999999984247,4.7258731259749755e-12,5.798436637442449e-25,3.48176536474803e-24,0.32000000000651163,1.9534845267967765e-11,4.5985757416439325e-22,-3.477792436339088e-24,False,478117271219208192,
feasible,50,6,Random,6,1.331440042995382,2.5825911219606383e-13,2.5825911219606383e-13,7.747772535736626e-13,3.8348749989851865e-26,8.301449065176745e-20,9,True,True,-0.3199999999984247,4.7258731259749755e-12,5.798436637442449e-25,3.48176536474803e-24,0.31999999999868295,-3.951095872401313e-12,-5.414949137543931e-25,8.30110088864027e-20,False,478117271219208192,
feasible,50,6,Greedy,6,3.050924096001836,8.489472949558005e-12,8.489472949558005e-12,2.5468418848350257e-11,3.2375459340167895e-22,3.548486744730363e-27,9,True,True,-0.3199999999984247,4.7258731259749755e-12,5.798436637442449e-25,3.48176536474803e-24,0.3200000000069142,2.074254572237528e-11,3.231747497379347e-22,-3.478216878003299e-24,False,478117271219208192,
feasible,50,6,SA,6,1.9833231679949677,-0.19999999999989942,0.0,3.017852559190309e-13,4.6114684087891766e-26,3.5074636771676565e-20,13,False,True,-0.3199999999984247,4.7258731259749755e-12,5.798436637442449e-25,3.48176536474803e-24,0.11999999999852529,-4.424087870055944e-12,-5.337289796563531e-25,3.507115500631182e-20,False,478117271219208192,
feasible,50,6,Tabu,6,82.46321955400344,9.27878345176053e-12,9.27878345176053e-12,2.7836350352845614e-11,2.43596886921598e-21,9.328002141073473e-27,9,True,True,-0.3199999999984247,4.7258731259749755e-12,5.798436637442449e-25,3.48176536474803e-24,0.3200000000077035,2.3110477226870638e-11,2.4353890255522357e-21,-3.4724373626069566e-24,False,478117271219208192,
feasible,50,6,ACO,6,6.948214903000917,5.35212490176369e-13,5.35212490176369e-13,1.605637457732926e-12,1.3133453506845184e-25,1.2796049984957725e-20,9,True,True,-0.3199999999984247,4.7258731259749755e-12,5.798436637442449e-25,3.48176536474803e-24,0.31999999999895995,-3.1202356682420495e-12,-4.485091286757931e-25,1.2792568219592977e-20,False,478117271219208192,
feasible,50,6,NSGA-II,7,20.322325398999965,-0.019999999999572193,0.0,1.2834236254297034e-12,3.3737301815413724e-25,9.48669635948398e-20,10,False,True,-0.3199999999984247,4.7258731259749755e-12,5.798436637442449e-25,3.48176536474803e-24,0.2999999999988525,-3.4424495005452722e-12,-2.4247064559010766e-25,9.486348182947505e-20,False,478117271219208192,
feasible,50,6,BruteForce,7,1.6215999494306743e-05,,,,,,,,False,-0.3199999999984247,4.7258731259749755e-12,5.798436637442449e-25,3.48176536474803e-24,,,,,False,478117271219208192,
feasible,50,6,GA,7,6.115951991996553,6.350929303390283e-12,6.350929303390283e-12,1.905278790992882e-11,2.42029412690403e-22,2.3988852180597887e-27,9,True,True,-0.3199999999984247,4.7258731259749755e-12,5.798436637442449e-25,3.48176536474803e-24,0.32000000000477563,1.4326914783953843e-11,2.4144956902665875e-22,-3.47936647952997e-24,False,478117271219208192,
feasible,50,6,HillClimb,7,3.1273850560028222,9.05811645565969e-12,9.05811645565969e-12,2.717434936460102e-11,2.3780369284869298e-21,9.106164631577306e-27,9,True,True,-0.3199999999984247,4.7258731259749755e-12,5.798436637442449e-25,3.48176536474803e-24,0.32000000000748285,2.2448476238626045e-11,2.3774570848231854e-21,-3.472659200116453e-24,False,478117271219208192,
feasible,50,6,PSO,7,9.598738993001461,8.576916794729927e-12,8.576916794729927e-12,2.5730750381761848e-11,2.4279276240418564e-21,8.898428549767804e-27,9,True,True,-0.3199999999984247,4.7258731259749755e-12,5.798436637442449e-25,3.48176536474803e-24,0.32000000000700163,2.1004877255786873e-11,2.427347780378112e-21,-3.472866936198262e-24,False,478117271219208192,
feasible,50,6,Random,7,1.2731192499995814,-0.009999999999739412,0.0,7.817627542405754e-13,1.1584905150899805e-24,9.423597143213834e-23,10,False,True,-0.3199999999984247,4.7258731259749755e-12,5.798436637442449e-25,3.48176536474803e-24,0.3099999999986853,-3.9441103717344e-12,5.786468513457356e-25,9.075420606739031e-23,False,478117271219208192,
feasible,50,6,Greedy,7,2.9202556229938637,8.489472949558005e-12,8.489472949558005e-12,2.5468418848350257e-11,3.2375459340167895e-22,3.548486744730363e-27,9,True,True,-0.3199999999984247,4.7258731259749755e-12,5.798436637442449e-25,3.48176536474803e-24,0.3200000000069142,2.074254572237528e-11,3.231747497379347e-22,-3.478216878003299e-24,False,478117271219208192,
feasible,50,6,SA,7,1.9162552069974481,-0.17999999999989844,0.0,3.0464689288669637e-13,2.506457547049969e-25,6.795930525829795e-21,12,False,True,-0.3199999999984247,4.7258731259749755e-12,5.798436637442449e-25,3.48176536474803e-24,0.13999999999852628,-4.421226233088279e-12,-3.29197909039248e-25,6.792448760465047e-21,False,478117271219208192,
feasible,50,6,Tabu,7,85.80787459899875,9.27878345176053e-12,9.27878345176053e-12,2.7836350352845614e-11,2.43596886921598e-21,9.328002141073473e-27,9,True,True,-0.3199999999984247,4.7258731259749755e-12,5.798436637442449e-25,3.48176536474803e-24,0.3200000000077035,2.3110477226870638e-11,2.4353890255522357e-21,-3.4724373626069566e-24,False,478117271219208192,
feasible,50,6,ACO,7,7.365203594999912,3.3878176678007816e-13,3.3878176678007816e-13,1.0163453000929864e-12,1.9781454961373536e-25,2.47050300866515e-22,9,True,True,-0.3199999999984247,4.7258731259749755e-12,5.798436637442449e-25,3.48176536474803e-24,0.3199999999987635,-3.709527825881989e-12,-3.8202911413050954e-25,2.4356853550176695e-22,False,478117271219208192,
feasible,50,6,NSGA-II,8,21.779220065000118,-0.019999999998765422,0.0,3.703732707305116e-12,3.429980326390642e-24,4.617334198136716e-21,10,False,True,-0.3199999999984247,4.7258731259749755e-12,5.798436637442449e-25,3.48176536474803e-24,0.2999999999996593,-1.0221404186698596e-12,2.8501366626463973e-24,4.6138524327719685e-21,False,478117271219208192,
feasible,50,6,BruteForce,8,1.981599780265242e-05,,,,,,,,False,-0.3199999999984247,4.7258731259749755e-12,5.798436637442449e-25,3.48176536474803e-24,,,,,False,478117271219208192,
feasible,50,6,GA,8,6.318628476001322,6.66670875767114e-12,6.66670875767114e-12,2.0000126271209104e-11,1.8043138756686526e-21,5.901443511072582e-27,9,True,True,-0.3199999999984247,4.7258731259749755e-12,5.798436637442449e-25,3.48176536474803e-24,0.32000000000509143,1.5274253145234128e-11,1.8037340320049083e-21,-3.475863921236957e-24,False,478117271219208192,
feasible,50,6,HillClimb,8,3.2212120839976706,9.176967611470514e-12,9.176967611470514e-12,2.7530902832002295e-11,2.4092390485849687e-21,9.225646225434524e-27,9,True,True,-0.3199999999984247,4.7258731259749755e-12,5.798436637442449e-25,3.48176536474803e-24,0.3200000000076017,2.280502970602732e-11,2.4086592049212243e-21,-3.4725397185225956e-24,False,478117271219208192,
feasible,50,6,PSO,8,10.018291079002665,8.848678650965028e-12,8.848678650965028e-12,2.6546035951197634e-11,1.6974409746002063e-21,7.439969643581649e-27,9,True,True,-0.3199999999984247,4.7258731259749755e-12,5.798436637442449e-25,3.48176536474803e-24,0.3200000000072734,2.182016282522266e-11,1.696861130936462e-21,-3.474325395104448e-24,False,478117271219208192,
feasible,50,6,Random,8,1.3367872439994244,1.2387460448448132e-12,1.2387460448448132e-12,3.71623813428934e-12,1.4782610811895927e-24,2.436209767562025e-22,9,True,True,-0.3199999999984247,4.7258731259749755e-12,5.798436637442449e-25,3.48176536474803e-24,0.31999999999966344,-1.0096349916856353e-12,8.984174174453477e-25,2.4013921139145446e-22,False,478117271219208192,
feasible,50,6,Greedy,8,2.9750283290049993,8.489472949558005e-12,8.489472949558005e-12,2.5468418848350257e-11,3.2375459340167895e-22,3.548486744730363e-27,9,True,True,-0.3199999999984247,4.7258731259749755e-12,5.798436637442449e-25,3.48176536474803e-24,0.3200000000069142,2.074254572237528e-11,3.231747497379347e-22,-3.478216878003299e-24,False,478117271219208192,
feasible,50,6,SA,8,1.9911281050008256,-0.43999999999911954,0.0,2.6414263724661094e-12,9.311589954482643e-24,1.1101554669055305e-24,15,False,True,-0.3199999999984247,4.7258731259749755e-12,5.798436637442449e-25,3.48176536474803e-24,-0.12000000000069483,-2.084446753508866e-12,8.731746290738398e-24,-2.3716098978424994e-24,False,478117271219208192,
feasible,50,6,Tabu,8,83.9543194930011,9.27878345176053e-12,9.27878345176053e-12,2.7836350352845614e-11,2.43596886921598e-21,9.328002141073473e-27,9,True,True,-0.3199999999984247,4.7258731259749755e-12,5.798436637442449e-25,3.48176536474803e-24,0.3200000000077035,2.3110477226870638e-11,2.4353890255522357e-21,-3.4724373626069566e-24,False,478117271219208192,
feasible,50,6,ACO,8,7.272876465998706,1.424330819596155e-13,1.424330819596155e-13,4.272987730719184e-13,2.4217780100978074e-26,4.728069038701639e-19,9,True,True,-0.3199999999984247,4.7258731259749755e-12,5.798436637442449e-25,3.48176536474803e-24,0.31999999999856715,-4.2985743529030574e-12,-5.556258836432668e-25,4.728034221047992e-19,False,478117271219208192,
feasible,50,6,NSGA-II,9,21.594108788995072,-0.009999999997635232,0.0,7.094305829307833e-12,1.8841192029160483e-24,1.8882454957143377e-21,10,False,True,-0.3199999999984247,4.7258731259749755e-12,5.798436637442449e-25,3.48176536474803e-24,0.3100000000007895,2.3684327033328575e-12,1.3042755391718035e-24,1.8847637303495895e-21,False,478117271219208192,
feasible,50,6,BruteForce,9,1.8355000065639615e-05,,,,,,,,False,-0.3199999999984247,4.7258731259749755e-12,5.798436637442449e-25,3.48176536474803e-24,,,,,False,478117271219208192,
feasible,50,6,GA,9,6.232288775005145,6.693827594730182e-12,6.693827594730182e-12,2.008148278373698e-11,4.535653318123752e-22,3.177787860276491e-27,9,True,True,-0.3199999999984247,4.7258731259749755e-12,5.798436637442449e-25,3.48176536474803e-24,0.3200000000051185,1.5355609657762004e-11,4.52985488148631e-22,-3.4785875768877534e-24,False,478117271219208192,
feasible,50,6,HillClimb,9,4.328854655002942,9.085427359546105e-12,9.085427359546105e-12,2.72562820762531e-11,2.3852068890753322e-21,9.133620404335828e-27,9,True,True,-0.3199999999984247,4.7258731259749755e-12,5.798436637442449e-25,3.48176536474803e-24,0.32000000000751017,2.2530408950278124e-11,2.384627045411588e-21,-3.472631744343694e-24,False,478117271219208192,
feasible,50,6,PSO,9,10.109834957998828,5.97598676299709e-12,5.97598676299709e-12,1.792796028885589e-11,1.3526226054593063e-22,1.1804901556477193e-25,9,True,True,-0.3199999999984247,4.7258731259749755e-12,5.798436637442449e-25,3.48176536474803e-24,0.3200000000044007,1.3202087162880913e-11,1.3468241688218638e-22,-3.363716349183258e-24,False,478117271219208192,
feasible,50,6,Random,9,1.3421857909997925,-0.009999999998906163,0.0,3.281511061605727e-12,2.1270037068884613e-24,1.724883726897368e-24,10,False,True,-0.3199999999984247,4.7258731259749755e-12,5.798436637442449e-25,3.48176536474803e-24,0.30999999999951855,-1.4443620643692485e-12,1.5471600431442165e-24,-1.756881637850662e-24,False,478117271219208192,
feasible,50,6,Greedy,9,2.999546057995758,8.489472949558005e-12,8.489472949558005e-12,2.5468418848350257e-11,3.2375459340167895e-22,3.548486744730363e-27,9,True,True,-0.3199999999984247,4.7258731259749755e-12,5.798436637442449e-25,3.48176536474803e-24,0.3200000000069142,2.074254572237528e-11,3.231747497379347e-22,-3.478216878003299e-24,False,478117271219208192,
feasible,50,6,SA,9,2.008258800000476,-0.08999999999971117,0.0,8.664643905405103e-13,4.303583559759725e-25,1.5150016641530561e-21,12,False,True,-0.3199999999984247,4.7258731259749755e-12,5.798436637442449e-25,3.48176536474803e-24,0.22999999999871354,-3.8594087354344655e-12,-1.4948530776827242e-25,1.5115198987883082e-21,False,478117271219208192,
feasible,50,6,Tabu,9,82.84696217399323,9.27878345176053e-12,9.27878345176053e-12,2.7836350352845614e-11,2.43596886921598e-21,9.328002141073473e-27,9,True,True,-0.3199999999984247,4.7258731259749755e-12,5.798436637442449e-25,3.48176536474803e-24,0.3200000000077035,2.3110477226870638e-11,2.4353890255522357e-21,-3.4724373626069566e-24,False,478117271219208192,
feasible,50,6,ACO,9,6.6253129089964204,7.37028896339663e-13,7.37028896339663e-13,2.211086689009368e-12,6.247236022991191e-24,3.374033548874487e-24,9,True,True,-0.3199999999984247,4.7258731259749755e-12,5.798436637442449e-25,3.48176536474803e-24,0.31999999999916173,-2.5147864369656074e-12,5.667392359246946e-24,-1.0773181587354317e-25,False,478117271219208192,
feasible,100,12,NSGA-II,0,38.07584641699941,-0.22,0.0,5.634585968984146e-22,3.9719423660652807e-42,1.3794414200575149e-44,13,False,True,-0.63,1.0200479742376943e-24,4.284763143991881e-46,1.65708373825009e-39,0.41000000000000003,5.62438548924177e-22,3.9715138897508813e-42,-1.6570699438358895e-39,False,2182433312535204873061797382324224,
feasible,100,12,BruteForce,0,2.52070021815598e-05,,,,,,,,False,-0.63,1.0200479742376943e-24,4.284763143991881e-46,1.65708373825009e-39,,,,,False,2182433312535204873061797382324224,
feasible,100,12,GA,0,10.841431237997313,3.5117704383167403e-22,3.5117704383167403e-22,1.0535311314950222e-21,1.2561357422701821e-40,2.063873484005427e-48,9,True,True,-0.63,1.0200479742376943e-24,4.284763143991881e-46,1.65708373825009e-39,0.63,1.0525110835207844e-21,1.256131457507038e-40,-1.6570837361862163e-39,False,2182433312535204873061797382324224,
feasible,100,12,HillClimb,0,15.454371555999387,1.2431587811660228e-21,1.2431587811660228e-21,3.7294763434980685e-21,2.4416831897294094e-40,6.429168461460554e-48,9,True,True,-0.63,1.0200479742376943e-24,4.284763143991881e-46,1.65708373825009e-39,0.63,3.728456295523831e-21,2.4416789049662654e-40,-1.6570837318209214e-39,False,2182433312535204873061797382324224,
feasible,100,12,PSO,0,18.342783965003036,8.114009895258718e-23,8.114009895258718e-23,2.4342029685776154e-22,1.426747479748553e-43,1.8810318509727708e-44,9,True,True,-0.63,1.0200479742376943e-24,4.284763143991881e-46,1.65708373825009e-39,0.63,2.4240024888352384e-22,1.422462716604561e-43,-1.65706492793158e-39,False,2182433312535204873061797382324224,
feasible,100,12,Random,0,2.2837670969965984,-0.11,0.0,2.044937176375412e-24,2.536739909772249e-47,1.2236807741738853e-38,11,False,True,-0.63,1.0200479742376943e-24,4.284763143991881e-46,1.65708373825009e-39,0.52,1.0248892021377176e-24,-4.0310891530146554e-46,1.0579724003488764e-38,False,2182433312535204873061797382324224,
feasible,100,12,Greedy,0,18.74541800499719,2.6855425557321273e-27,2.6855425557321273e-27,7.989650036529889e-27,8.177249763763638e-53,6.69776306664929e-29,9,True,True,-0.63,1.0200479742376943e-24,4.284763143991881e-46,1.65708373825009e-39,0.63,-1.0120583242011643e-24,-4.2847623262669046e-46,6.697763066483582e-29,False,2182433312535204873061797382324224,
feasible,100,12,SA,0,3.358125277001818,-0.85,0.0,1.2028538440260952e-24,3.556411647599714e-46,2.8518473291358002e-40,15,False,True,-0.63,1.0200479742376943e-24,4.284763143991881e-46,1.65708373825009e-39,-0.21999999999999997,1.828058697884009e-25,-7.283514963921668e-47,-1.3718990053365098e-39,False,2182433312535204873061797382324224,
feasible,100,12,Tabu,0,443.3783206559965,1.4449315351785521e-21,1.4449315351785521e-21,4.334794605535657e-21,3.929516652238968e-40,8.510534352375128e-48,9,True,True,-0.63,1.0200479742376943e-24,4.284763143991881e-46,1.65708373825009e-39,0.63,4.333774557561419e-21,3.929512367475824e-40,-1.6570837297395555e-39,False,2182433312535204873061797382324224,
feasible,100,12,ACO,0,14.97647823299485,-0.04,0.0,5.8732930633739004e-24,5.939879454808888e-47,1.9918910350150172e-39,10,False,True,-0.63,1.0200479742376943e-24,4.284763143991881e-46,1.65708373825009e-39,0.59,4.853245089136206e-24,-3.690775198510992e-46,3.3480729676492735e-40,False,2182433312535204873061797382324224,
feasible,100,12,NSGA-II,1,39.06815447899862,-0.46,0.0,1.0299852581073679e-22,1.5622964981303232e-44,1.7658587042851235e-39,13,False,True,-0.63,1.0200479742376943e-24,4.284763143991881e-46,1.65708373825009e-39,0.16999999999999998,1.019784778364991e-22,1.5194488666904043e-44,1.087749660350336e-40,False,2182433312535204873061797382324224,
feasible,100,12,BruteForce,1,2.8714996005874127e-05,,,,,,,,False,-0.63,1.0200479742376943e-24,4.284763143991881e-46,1.65708373825009e-39,,,,,False,2182433312535204873061797382324224,
feasible,100,12,GA,1,10.993896866995783,-0.01,0.0,1.0843369948309606e-23,9.79400518420083e-44,5.243450641444241e-43,10,False,True,-0.63,1.0200479742376943e-24,4.284763143991881e-46,1.65708373825009e-39,0.62,9.823321974071912e-24,9.75115755276091e-44,-1.6565593931859454e-39,False,2182433312535204873061797382324224,
feasible,100,12,HillClimb,1,23.572704212005192,1.296616114438292e-21,1.296616114438292e-21,3.889848343314876e-21,1.8392678230275757e-40,5.887870676032227e-48,9,True,True,-0.63,1.0200479742376943e-24,4.284763143991881e-46,1.65708373825009e-39,0.63,3.888828295340639e-21,1.8392635382644317e-40,-1.6570837323622192e-39,False,2182433312535204873061797382324224,
feasible,100,12,PSO,1,17.800520271004643,3.491364798922393e-23,3.491364798922393e-23,1.0474094396767179e-22,1.6894315056958194e-43,2.818563262585237e-45,9,True,True,-0.63,1.0200479742376943e-24,4.284763143991881e-46,1.65708373825009e-39,0.63,1.0372089599343409e-22,1.6851467425518275e-43,-1.6570809196868273e-39,False,2182433312535204873061797382324224,
feasible,100,12,Random,1,2.3446076809996157,-0.05,0.0,2.7174141558469383e-24,1.2820058045281777e-45,6.723630791637893e-40,11,False,True,-0.63,1.0200479742376943e-24,4.284763143991881e-46,1.65708373825009e-39,0.58,1.697366181609244e-24,8.535294901289896e-46,-9.847206590863006e-40,False,2182433312535204873061797382324224,
feasible,100,12,Greedy,1,19.321478054996987,2.6855425557321273e-27,2.6855425557321273e-27,7.989650036529889e-27,8.177249763763638e-53,6.69776306664929e-29,9,True,True,-0.63,1.0200479742376943e-24,4.284763143991881e-46,1.65708373825009e-39,0.63,-1.0120583242011643e-24,-4.2847623262669046e-46,6.697763066483582e-29,False,2182433312535204873061797382324224,
feasible,100,12,SA,1,3.698091846999887,-0.25,0.0,1.3628301170109681e-24,1.4726382508089503e-46,1.566525460592676e-39,12,False,True,-0.63,1.0200479742376943e-24,4.284763143991881e-46,1.65708373825009e-39,0.38,3.4278214277327385e-25,-2.8121248931829303e-46,-9.0558277657414e-41,False,2182433312535204873061797382324224,
feasible,100,12,Tabu,1,424.0873741530013,1.4449315351785521e-21,1.4449315351785521e-21,4.334794605535657e-21,1.4803065989315852e-40,5.761197468760087e-48,9,True,True,-0.63,1.0200479742376943e-24,4.284763143991881e-46,1.65708373825009e-39,0.63,4.333774557561419e-21,1.4803023141684412e-40,-1.6570837324888924e-39,False,2182433312535204873061797382324224,
feasible,100,12,ACO,1,13.970434906994342,-0.03,0.0,8.806766257167359e-25,2.9826128925328668e-47,1.9901869589422646e-38,10,False,True,-0.63,1.0200479742376943e-24,4.284763143991881e-46,1.65708373825009e-39,0.6,-1.3937134852095837e-25,-3.986501854738594e-46,1.8244785851172557e-38,False,2182433312535204873061797382324224,
feasible,100,12,NSGA-II,2,43.25892441600445,-0.14,0.0,9.007946867733603e-22,1.2807376805948703e-41,7.045340872347108e-45,12,False,True,-0.63,1.0200479742376943e-24,4.284763143991881e-46,1.65708373825009e-39,0.49,8.997746387991225e-22,1.2806948329634304e-41,-1.6570766929092174e-39,False,2182433312535204873061797382324224,
feasible,100,12,BruteForce,2,2.438500087009743e-05,,,,,,,,False,-0.63,1.0200479742376943e-24,4.284763143991881e-46,1.65708373825009e-39,,,,,False,2182433312535204873061797382324224,
feasible,100,12,GA,2,11.379714256996522,8.01731545159196e-23,8.01731545159196e-23,2.405194635477588e-22,1.577404939846642e-42,4.183021590470053e-45,9,True,True,-0.63,1.0200479742376943e-24,4.284763143991881e-46,1.65708373825009e-39,0.63,2.394994155735211e-22,1.5769764635322428e-42,-1.6570795552284996e-39,False,2182433312535204873061797382324224,
feasible,100,12,HillClimb,2,12.50507917899813,-0.03,0.0,3.318789420468326e-25,1.613623325140581e-47,1.461736733990445e-36,10,False,True,-0.63,1.0200479742376943e-24,4.284763143991881e-46,1.65708373825009e-39,0.6,-6.881690321908617e-25,-4.123400811477822e-46,1.460079650252195e-36,False,2182433312535204873061797382324224,
feasible,100,12,PSO,2,18.753542140999343,4.2953035879848306e-23,4.2953035879848306e-23,1.2885910763954492e-22,7.466622081819977e-43,2.125004740035772e-44,9,True,True,-0.63,1.0200479742376943e-24,4.284763143991881e-46,1.65708373825009e-39,0.63,1.2783905966530722e-22,7.462337318675986e-43,-1.6570624882026897e-39,False,2182433312535204873061797382324224,
feasible,100,12,Random,2,2.4614407010012656,-0.08,0.0,5.3175025186508964e-24,2.2862313120118183e-47,5.4675850434186e-38,11,False,True,-0.63,1.0200479742376943e-24,4.284763143991881e-46,1.65708373825009e-39,0.55,4.297454544413202e-24,-4.056140012790699e-46,5.301876669593591e-38,False,2182433312535204873061797382324224,
feasible,100,12,Greedy,2,20.366450670997438,2.6855425557321273e-27,2.6855425557321273e-27,7.989650036529889e-27,8.177249763763638e-53,6.69776306664929e-29,9,True,True,-0.63,1.0200479742376943e-24,4.284763143991881e-46,1.65708373825009e-39,0.63,-1.0120583242011643e-24,-4.2847623262669046e-46,6.697763066483582e-29,False,2182433312535204873061797382324224,
feasible,100,12,SA,2,3.69545745299547,-0.65,0.0,8.654091377136867e-24,2.2956326746950727e-46,3.939613656110838e-39,15,False,True,-0.63,1.0200479742376943e-24,4.284763143991881e-46,1.65708373825009e-39,-0.020000000000000018,7.634043402899173e-24,-1.989130469296808e-46,2.2825299178607484e-39,False,2182433312535204873061797382324224,
feasible,100,12,Tabu,2,463.6052026219986,1.4449315351785521e-21,1.4449315351785521e-21,4.334794605535657e-21,2.837984248839253e-40,7.472664309402552e-48,9,True,True,-0.63,1.0200479742376943e-24,4.284763143991881e-46,1.65708373825009e-39,0.63,4.333774557561419e-21,2.837979964076109e-40,-1.6570837307774257e-39,False,2182433312535204873061797382324224,
feasible,100,12,ACO,2,14.300571311003296,-0.05,0.0,1.5621064082736086e-24,3.7317334872665543e-48,1.896988480185288e-36,10,False,True,-0.63,1.0200479742376943e-24,4.284763143991881e-46,1.65708373825009e-39,0.58,5.420584340359143e-25,-4.247445809119215e-46,1.895331396447038e-36,False,2182433312535204873061797382324224,
feasible,100,12,NSGA-II,3,40.03850642199541,-0.08,0.0,1.5427657311597998e-25,2.5404368189410175e-49,1.4715394234294563e-31,11,False,True,-0.63,1.0200479742376943e-24,4.284763143991881e-46,1.65708373825009e-39,0.55,-8.657714011217143e-25,-4.28222270717294e-46,1.471539406858619e-31,False,2182433312535204873061797382324224,
feasible,100,12,BruteForce,3,2.943800063803792e-05,,,,,,,,False,-0.63,1.0200479742376943e-24,4.284763143991881e-46,1.65708373825009e-39,,,,,False,2182433312535204873061797382324224,
feasible,100,12,GA,3,11.310935025998333,4.532195339402082e-22,4.532195339402082e-22,1.3596586018206247e-21,6.949101303391351e-41,1.3179711524037757e-48,9,True,True,-0.63,1.0200479742376943e-24,4.284763143991881e-46,1.65708373825009e-39,0.63,1.358638553846387e-21,6.949058455759911e-41,-1.6570837369321187e-39,False,2182433312535204873061797382324224,
feasible,100,12,HillClimb,3,24.31215243099723,1.2063271060083505e-21,1.2063271060083505e-21,3.618981318025052e-21,1.7111916205733116e-40,5.477872682653145e-48,9,True,True,-0.63,1.0200479742376943e-24,4.284763143991881e-46,1.65708373825009e-39,0.63,3.6179612700508145e-21,1.7111873358101676e-40,-1.6570837327722172e-39,False,2182433312535204873061797382324224,
feasible,100,12,PSO,3,18.479576372003066,2.4025689328878484e-22,2.4025689328878484e-22,7.207706798663545e-22,1.0262599133791264e-42,1.2499355940875005e-46,9,True,True,-0.63,1.0200479742376943e-24,4.284763143991881e-46,1.65708373825009e-39,0.63,7.197506318921169e-22,1.0258314370647272e-42,-1.6570836132565304e-39,False,2182433312535204873061797382324224,
feasible,100,12,Random,3,2.3904838140006177,-0.09,0.0,4.998765732999477e-24,1.1043992220841442e-45,3.4072956237174486e-40,11,False,True,-0.63,1.0200479742376943e-24,4.284763143991881e-46,1.65708373825009e-39,0.54,3.978717758761783e-24,6.759229076849562e-46,-1.316354175878345e-39,False,2182433312535204873061797382324224,
feasible,100,12,Greedy,3,20.0092169549971,2.6855425557321273e-27,2.6855425557321273e-27,7.989650036529889e-27,8.177249763763638e-53,6.69776306664929e-29,9,True,True,-0.63,1.0200479742376943e-24,4.284763143991881e-46,1.65708373825009e-39,0.63,-1.0120583242011643e-24,-4.2847623262669046e-46,6.697763066483582e-29,False,2182433312535204873061797382324224,
feasible,100,12,SA,3,3.630118973000208,-0.75,0.0,2.5950091312595556e-24,4.262887857671493e-47,4.335587330872793e-37,15,False,True,-0.63,1.0200479742376943e-24,4.284763143991881e-46,1.65708373825009e-39,-0.12,1.5749611570218614e-24,-3.858474358224731e-46,4.319016493490292e-37,False,2182433312535204873061797382324224,
feasible,100,12,Tabu,3,461.6866682730033,1.4449315351785521e-21,1.4449315351785521e-21,4.334794605535657e-21,2.049655290828348e-40,6.561363783865653e-48,9,True,True,-0.63,1.0200479742376943e-24,4.284763143991881e-46,1.65708373825009e-39,0.63,4.333774557561419e-21,2.049651006065204e-40,-1.6570837316887263e-39,False,2182433312535204873061797382324224,
feasible,100,12,ACO,3,14.32720421400154,-0.07,0.0,8.255302624345811e-24,5.5440381996500206e-46,4.51093038776791e-41,11,False,True,-0.63,1.0200479742376943e-24,4.284763143991881e-46,1.65708373825009e-39,0.56,7.235254650108117e-24,1.25927505565814e-46,-1.6119744343724108e-39,False,2182433312535204873061797382324224,
feasible,100,12,NSGA-II,4,39.53177513200353,-0.34,0.0,1.0053505862509307e-21,2.6496006497349673e-42,2.5536695939918328e-45,12,False,True,-0.63,1.0200479742376943e-24,4.284763143991881e-46,1.65708373825009e-39,0.29,1.004330538276693e-21,2.649172173420568e-42,-1.657081184580496e-39,False,2182433312535204873061797382324224,
feasible,100,12,BruteForce,4,2.2416999854613096e-05,,,,,,,,False,-0.63,1.0200479742376943e-24,4.284763143991881e-46,1.65708373825009e-39,,,,,False,2182433312535204873061797382324224,
feasible,100,12,GA,4,12.014701136002259,4.17585969732495e-22,4.17585969732495e-22,1.2527579091974851e-21,1.553426408130679e-40,2.103785037697033e-48,9,True,True,-0.63,1.0200479742376943e-24,4.284763143991881e-46,1.65708373825009e-39,0.63,1.2517378612232474e-21,1.553422123367535e-40,-1.657083736146305e-39,False,2182433312535204873061797382324224,
feasible,100,12,HillClimb,4,12.804053795000073,-0.05,0.0,4.782846605243583e-24,7.743422232184173e-48,1.6469893398529793e-38,10,False,True,-0.63,1.0200479742376943e-24,4.284763143991881e-46,1.65708373825009e-39,0.58,3.762798631005889e-24,-4.207328921670039e-46,1.4812809660279704e-38,False,2182433312535204873061797382324224,
feasible,100,12,PSO,4,19.38366502399731,6.733735484742837e-23,6.733735484742837e-23,2.0201206454228514e-22,1.0418504693239205e-42,7.627033908606697e-45,9,True,True,-0.63,1.0200479742376943e-24,4.284763143991881e-46,1.65708373825009e-39,0.63,2.0099201656804745e-22,1.0414219930095213e-42,-1.6570761112161813e-39,False,2182433312535204873061797382324224,
feasible,100,12,Random,4,2.5575756230027764,-0.08,0.0,2.2034307375915334e-24,1.1354730729248271e-46,1.610104066751076e-36,11,False,True,-0.63,1.0200479742376943e-24,4.284763143991881e-46,1.65708373825009e-39,0.55,1.1833827633538392e-24,-3.1492900710670535e-46,1.6084469830128257e-36,False,2182433312535204873061797382324224,
feasible,100,12,Greedy,4,21.635605711999233,2.6855425557321273e-27,2.6855425557321273e-27,7.989650036529889e-27,8.177249763763638e-53,6.69776306664929e-29,9,True,True,-0.63,1.0200479742376943e-24,4.284763143991881e-46,1.65708373825009e-39,0.63,-1.0120583242011643e-24,-4.2847623262669046e-46,6.697763066483582e-29,False,2182433312535204873061797382324224,
feasible,100,12,SA,4,3.894005161993846,-0.32,0.0,2.4006586939249846e-24,5.672283283305728e-47,2.694338249971279e-38,14,False,True,-0.63,1.0200479742376943e-24,4.284763143991881e-46,1.65708373825009e-39,0.31,1.3806107196872903e-24,-3.7175348156613076e-46,2.5286298761462703e-38,False,2182433312535204873061797382324224,
feasible,100,12,Tabu,4,490.91917850499885,1.4449315351785521e-21,1.4449315351785521e-21,4.334794605535657e-21,2.1178986931636218e-40,7.23417502293226e-48,9,True,True,-0.63,1.0200479742376943e-24,4.284763143991881e-46,1.65708373825009e-39,0.63,4.333774557561419e-21,2.1178944084004778e-40,-1.657083731015915e-39,False,2182433312535204873061797382324224,
feasible,100,12,ACO,4,15.521501771996554,-0.04,0.0,6.433007098903261e-24,4.466014412556642e-46,4.627716178087778e-40,10,False,True,-0.63,1.0200479742376943e-24,4.284763143991881e-46,1.65708373825009e-39,0.59,5.412959124665567e-24,1.8125126856476144e-47,-1.194312120441312e-39,False,2182433312535204873061797382324224,
feasible,100,12,NSGA-II,5,43.556384249000985,-0.11,0.0,3.025479352505533e-22,2.0084071942619365e-41,4.552575007978578e-44,11,False,True,-0.63,1.0200479742376943e-24,4.284763143991881e-46,1.65708373825009e-39,0.52,3.015278872763156e-22,2.0083643466304966e-41,-1.65703821250001e-39,False,2182433312535204873061797382324224,
feasible,100,12,BruteForce,5,2.9798000468872488e-05,,,,,,,,False,-0.63,1.0200479742376943e-24,4.284763143991881e-46,1.65708373825009e-39,,,,,False,2182433312535204873061797382324224,
feasible,100,12,GA,5,12.37809165300132,-0.01,0.0,9.27649370278413e-22,4.916563074162871e-41,1.0734262420111905e-48,10,False,True,-0.63,1.0200479742376943e-24,4.284763143991881e-46,1.65708373825009e-39,0.62,9.266293223041753e-22,4.916520226531431e-41,-1.6570837371766636e-39,False,2182433312535204873061797382324224,
feasible,100,12,HillClimb,5,8.804597071000899,-0.07,0.0,1.678481614259231e-24,1.3720565956893048e-47,3.063872177085802e-38,11,False,True,-0.63,1.0200479742376943e-24,4.284763143991881e-46,1.65708373825009e-39,0.56,6.584336400215368e-25,-4.14755748442295e-46,2.898163803260793e-38,False,2182433312535204873061797382324224,
feasible,100,12,PSO,5,20.19480484700034,8.915530590670905e-23,8.915530590670905e-23,2.6746591772012714e-22,1.622747001516277e-43,2.5005531394064438e-45,9,True,True,-0.63,1.0200479742376943e-24,4.284763143991881e-46,1.65708373825009e-39,0.63,2.6644586974588944e-22,1.618462238372285e-43,-1.6570812376969504e-39,False,2182433312535204873061797382324224,
feasible,100,12,Random,5,2.6093043490036507,-0.08,0.0,5.336034635626596e-24,3.1752770476669668e-46,6.328641912789929e-38,11,False,True,-0.63,1.0200479742376943e-24,4.284763143991881e-46,1.65708373825009e-39,0.55,4.315986661388902e-24,-1.1094860963249138e-46,6.16293353896492e-38,False,2182433312535204873061797382324224,
feasible,100,12,Greedy,5,21.90517760399962,2.6855425557321273e-27,2.6855425557321273e-27,7.989650036529889e-27,8.177249763763638e-53,6.69776306664929e-29,9,True,True,-0.63,1.0200479742376943e-24,4.284763143991881e-46,1.65708373825009e-39,0.63,-1.0120583242011643e-24,-4.2847623262669046e-46,6.697763066483582e-29,False,2182433312535204873061797382324224,
feasible,100,12,SA,5,3.9102791259938385,-0.55,0.0,2.517887292692078e-24,4.515005866573996e-47,6.907166115603689e-38,14,False,True,-0.63,1.0200479742376943e-24,4.284763143991881e-46,1.65708373825009e-39,0.07999999999999996,1.497839318454384e-24,-3.833262557334481e-46,6.74145774177868e-38,False,2182433312535204873061797382324224,
feasible,100,12,Tabu,5,500.0417939320032,1.4449315351785521e-21,1.4449315351785521e-21,4.334794605535657e-21,2.049655290828348e-40,6.561363783865653e-48,9,True,True,-0.63,1.0200479742376943e-24,4.284763143991881e-46,1.65708373825009e-39,0.63,4.333774557561419e-21,2.049651006065204e-40,-1.6570837316887263e-39,False,2182433312535204873061797382324224,
feasible,100,12,ACO,5,15.184103569998115,-0.06,0.0,2.0064881201274342e-24,7.030194019876619e-47,5.076929296574496e-38,11,False,True,-0.63,1.0200479742376943e-24,4.284763143991881e-46,1.65708373825009e-39,0.5700000000000001,9.8644014588974e-25,-3.5817437420042185e-46,4.911220922749487e-38,False,2182433312535204873061797382324224,
feasible,100,12,NSGA-II,6,41.96157021600084,-0.37,0.0,1.0890825232824982e-25,1.4379247555356819e-49,1.2269009369485509e-32,14,False,True,-0.63,1.0200479742376943e-24,4.284763143991881e-46,1.65708373825009e-39,0.26,-9.111397219094443e-25,-4.283325219236345e-46,1.2269007712401771e-32,False,2182433312535204873061797382324224,
feasible,100,12,BruteForce,6,2.7879999834112823e-05,,,,,,,,False,-0.63,1.0200479742376943e-24,4.284763143991881e-46,1.65708373825009e-39,,,,,False,2182433312535204873061797382324224,
feasible,100,12,GA,6,11.971549369998684,3.8110191470383782e-22,3.8110191470383782e-22,1.1433057441115135e-21,8.567210917349826e-41,1.7588312770828825e-48,9,True,True,-0.63,1.0200479742376943e-24,4.284763143991881e-46,1.65708373825009e-39,0.63,1.1422856961372758e-21,8.567168069718385e-41,-1.6570837364912587e-39,False,2182433312535204873061797382324224,
feasible,100,12,HillClimb,6,12.804936502005148,-0.02,0.0,7.777276774281152e-25,3.470455378966064e-46,1.0273289073144377e-38,10,False,True,-0.63,1.0200479742376943e-24,4.284763143991881e-46,1.65708373825009e-39,0.61,-2.423202968095791e-25,-8.143077650258165e-47,8.616205334894287e-39,False,2182433312535204873061797382324224,
feasible,100,12,PSO,6,19.500754290995246,1.2875735447168866e-22,1.2875735447168866e-22,3.8627206341506597e-22,4.424502581329e-43,2.4433979363853464e-46,9,True,True,-0.63,1.0200479742376943e-24,4.284763143991881e-46,1.65708373825009e-39,0.63,3.8525201544082827e-22,4.4202178181850086e-43,-1.6570834939102964e-39,False,2182433312535204873061797382324224,
feasible,100,12,Random,6,2.540918614002294,-0.04,0.0,7.075885653740187e-25,9.833242201157476e-47,4.841296254688554e-38,10,False,True,-0.63,1.0200479742376943e-24,4.284763143991881e-46,1.65708373825009e-39,0.59,-3.1245940886367557e-25,-3.301438923876133e-46,4.675587880863545e-38,False,2182433312535204873061797382324224,
feasible,100,12,Greedy,6,21.0801020910003,2.6855425557321273e-27,2.6855425557321273e-27,7.989650036529889e-27,8.177249763763638e-53,6.69776306664929e-29,9,True,True,-0.63,1.0200479742376943e-24,4.284763143991881e-46,1.65708373825009e-39,0.63,-1.0120583242011643e-24,-4.2847623262669046e-46,6.697763066483582e-29,False,2182433312535204873061797382324224,
feasible,100,12,SA,6,3.8080376270008855,-0.47000000000000003,0.0,3.918876024799418e-24,7.897059644326698e-48,3.902470703681883e-37,14,False,True,-0.63,1.0200479742376943e-24,4.284763143991881e-46,1.65708373825009e-39,0.15999999999999998,2.8988280505617238e-24,-4.205792547548613e-46,3.885899866299382e-37,False,2182433312535204873061797382324224,
feasible,100,12,Tabu,6,495.2407370420042,1.4449315351785521e-21,1.4449315351785521e-21,4.334794605535657e-21,3.929516652238967e-40,8.510534352375128e-48,9,True,True,-0.63,1.0200479742376943e-24,4.284763143991881e-46,1.65708373825009e-39,0.63,4.333774557561419e-21,3.929512367475823e-40,-1.6570837297395555e-39,False,2182433312535204873061797382324224,
feasible,100,12,ACO,6,15.506718160002492,-0.02,0.0,4.7017007604162883e-23,8.09240876483403e-45,1.5329485976363407e-41,10,False,True,-0.63,1.0200479742376943e-24,4.284763143991881e-46,1.65708373825009e-39,0.61,4.5996959629925186e-23,7.663932450434842e-45,-1.6417542522737265e-39,False,2182433312535204873061797382324224,
feasible,100,12,NSGA-II,7,42.94161063699721,-0.28,0.0,1.0029509798606807e-22,3.2121299316811943e-43,6.098052478469984e-42,12,False,True,-0.63,1.0200479742376943e-24,4.284763143991881e-46,1.65708373825009e-39,0.35,9.927505001183037e-23,3.2078451685372024e-43,-1.65098568577162e-39,False,2182433312535204873061797382324224,
feasible,100,12,BruteForce,7,3.555899456841871e-05,,,,,,,,False,-0.63,1.0200479742376943e-24,4.284763143991881e-46,1.65708373825009e-39,,,,,False,2182433312535204873061797382324224,
feasible,100,12,GA,7,12.263194299994211,3.9266361998888514e-22,3.9266361998888514e-22,1.1779908599666555e-21,8.091525990040492e-41,1.8434981002479036e-48,9,True,True,-0.63,1.0200479742376943e-24,4.284763143991881e-46,1.65708373825009e-39,0.63,1.1769708119924178e-21,8.091483142409051e-41,-1.657083736406592e-39,False,2182433312535204873061797382324224,
feasible,100,12,HillClimb,7,8.758503334000125,-0.13,0.0,2.572278099250506e-24,1.3179802651339524e-45,1.9418837810253898e-41,11,False,True,-0.63,1.0200479742376943e-24,4.284763143991881e-46,1.65708373825009e-39,0.5,1.5522301250128118e-24,8.895039507347644e-46,-1.637664900439836e-39,False,2182433312535204873061797382324224,
feasible,100,12,PSO,7,20.03361776300153,4.994791790503373e-23,4.994791790503373e-23,1.498437537151012e-22,3.6932418939287296e-43,3.6841982824783663e-45,9,True,True,-0.63,1.0200479742376943e-24,4.284763143991881e-46,1.65708373825009e-39,0.63,1.488237057408635e-22,3.688957130784738e-43,-1.6570800540518074e-39,False,2182433312535204873061797382324224,
feasible,100,12,Random,7,2.598590260997298,-0.06,0.0,1.0029181255262859e-22,2.685850797881735e-44,5.506755015445468e-44,11,False,True,-0.63,1.0200479742376943e-24,4.284763143991881e-46,1.65708373825009e-39,0.5700000000000001,9.927176457839089e-23,2.6430031664418165e-44,-1.6570286706999355e-39,False,2182433312535204873061797382324224,
feasible,100,12,Greedy,7,21.726650158998382,2.6855425557321273e-27,2.6855425557321273e-27,7.989650036529889e-27,8.177249763763638e-53,6.69776306664929e-29,9,True,True,-0.63,1.0200479742376943e-24,4.284763143991881e-46,1.65708373825009e-39,0.63,-1.0120583242011643e-24,-4.2847623262669046e-46,6.697763066483582e-29,False,2182433312535204873061797382324224,
feasible,100,12,SA,7,3.9178396810020786,-0.56,0.0,1.1013201436369073e-24,1.316368550688175e-47,4.456523256255093e-37,14,False,True,-0.63,1.0200479742376943e-24,4.284763143991881e-46,1.65708373825009e-39,0.06999999999999995,8.127216939921307e-26,-4.153126288923063e-46,4.439952418872592e-37,False,2182433312535204873061797382324224,
feasible,100,12,Tabu,7,492.397000828998,1.4449315351785521e-21,1.4449315351785521e-21,4.334794605535657e-21,2.932475113611168e-40,8.238921553895071e-48,9,True,True,-0.63,1.0200479742376943e-24,4.284763143991881e-46,1.65708373825009e-39,0.63,4.333774557561419e-21,2.932470828848024e-40,-1.6570837300111684e-39,False,2182433312535204873061797382324224,
feasible,100,12,ACO,7,15.18134550999821,-0.02,0.0,3.563408429598875e-24,6.5062552933001236e-46,5.768421070845567e-41,10,False,True,-0.63,1.0200479742376943e-24,4.284763143991881e-46,1.65708373825009e-39,0.61,2.543360455361181e-24,2.221492149308243e-46,-1.5993995275416343e-39,False,2182433312535204873061797382324224,
feasible,100,12,NSGA-II,8,41.96793976100162,-0.12,0.0,1.0316327506740208e-21,9.36299865439568e-43,3.4611836504974484e-43,11,False,True,-0.63,1.0200479742376943e-24,4.284763143991881e-46,1.65708373825009e-39,0.51,1.030612702699783e-21,9.358713891251689e-43,-1.65673761988504e-39,False,2182433312535204873061797382324224,
feasible,100,12,BruteForce,8,2.8189999284222722e-05,,,,,,,,False,-0.63,1.0200479742376943e-24,4.284763143991881e-46,1.65708373825009e-39,,,,,False,2182433312535204873061797382324224,
feasible,100,12,GA,8,11.938367422000738,1.4225491635359354e-22,1.4225491635359354e-22,4.267647490607806e-22,2.8764751498968806e-42,2.9113480402972535e-46,9,True,True,-0.63,1.0200479742376943e-24,4.284763143991881e-46,1.65708373825009e-39,0.63,4.25744701086543e-22,2.876046673582481e-42,-1.6570834471152858e-39,False,2182433312535204873061797382324224,
feasible,100,12,HillClimb,8,12.850471644000208,-0.02,0.0,2.736426614193383e-23,1.5582016861830273e-44,4.6596122082355e-43,10,False,True,-0.63,1.0200479742376943e-24,4.284763143991881e-46,1.65708373825009e-39,0.61,2.6344218167696134e-23,1.5153540547431085e-44,-1.6566177770292663e-39,False,2182433312535204873061797382324224,
feasible,100,12,PSO,8,19.656110957999772,4.733528020961325e-22,4.733528020961325e-22,1.4200584062883976e-21,1.6796767485529688e-42,1.6566179137029175e-47,9,True,True,-0.63,1.0200479742376943e-24,4.284763143991881e-46,1.65708373825009e-39,0.63,1.4190383583141598e-21,1.6792482722385695e-42,-1.657083721683911e-39,False,2182433312535204873061797382324224,
feasible,100,12,Random,8,2.6122306370016304,-0.14,0.0,1.2938798701886583e-24,6.555221996484841e-46,3.569043280252778e-38,12,False,True,-0.63,1.0200479742376943e-24,4.284763143991881e-46,1.65708373825009e-39,0.49,2.7383189595096404e-25,2.2704588524929602e-46,3.403334906427769e-38,False,2182433312535204873061797382324224,
feasible,100,12,Greedy,8,21.05274944700068,2.6855425557321273e-27,2.6855425557321273e-27,7.989650036529889e-27,8.177249763763638e-53,6.69776306664929e-29,9,True,True,-0.63,1.0200479742376943e-24,4.284763143991881e-46,1.65708373825009e-39,0.63,-1.0120583242011643e-24,-4.2847623262669046e-46,6.697763066483582e-29,False,2182433312535204873061797382324224,
feasible,100,12,SA,8,3.8075547639964498,-0.63,0.0,5.547090937756585e-24,5.506230597678626e-47,1.0120394813154123e-38,15,False,True,-0.63,1.0200479742376943e-24,4.284763143991881e-46,1.65708373825009e-39,0.0,4.527042963518891e-24,-3.734140084224018e-46,8.463311074904033e-39,False,2182433312535204873061797382324224,
feasible,100,12,Tabu,8,486.01744802600297,1.4449315351785521e-21,1.4449315351785521e-21,4.334794605535657e-21,1.5295935006181707e-40,6.35195855672101e-48,9,True,True,-0.63,1.0200479742376943e-24,4.284763143991881e-46,1.65708373825009e-39,0.63,4.333774557561419e-21,1.5295892158550267e-40,-1.6570837318981314e-39,False,2182433312535204873061797382324224,
feasible,100,12,ACO,8,15.08068228099728,-0.05,0.0,4.686624828875671e-25,7.236567455353694e-47,6.15254077841389e-38,10,False,True,-0.63,1.0200479742376943e-24,4.284763143991881e-46,1.65708373825009e-39,0.58,-5.513854913501271e-25,-3.561106398456511e-46,5.986832404588881e-38,False,2182433312535204873061797382324224,
feasible,100,12,NSGA-II,9,42.0921691859985,-0.9500000000000001,0.0,9.135926430820826e-23,1.7709328312634172e-44,5.422268274862944e-40,15,False,True,-0.63,1.0200479742376943e-24,4.284763143991881e-46,1.65708373825009e-39,-0.32000000000000006,9.033921633397056e-23,1.7280851998234983e-44,-1.1148569107637955e-39,False,2182433312535204873061797382324224,
feasible,100,12,BruteForce,9,2.9697002901230007e-05,,,,,,,,False,-0.63,1.0200479742376943e-24,4.284763143991881e-46,1.65708373825009e-39,,,,,False,2182433312535204873061797382324224,
feasible,100,12,GA,9,11.939941130003717,1.795036396071109e-22,1.795036396071109e-22,5.385109188213327e-22,6.420719734919649e-41,1.0549459555367678e-47,9,True,True,-0.63,1.0200479742376943e-24,4.284763143991881e-46,1.65708373825009e-39,0.63,5.374908708470951e-22,6.420676887288208e-41,-1.6570837277006305e-39,False,2182433312535204873061797382324224,
feasible,100,12,HillClimb,9,12.79857429099502,-0.21,0.0,8.720294797718707e-24,6.063355421197736e-47,2.8777708405259007e-40,12,False,True,-0.63,1.0200479742376943e-24,4.284763143991881e-46,1.65708373825009e-39,0.42000000000000004,7.700246823481013e-24,-3.678427601872107e-46,-1.3693066541974997e-39,False,2182433312535204873061797382324224,
feasible,100,12,PSO,9,19.47937510900374,6.353388685906519e-23,6.353388685906519e-23,1.9060166057719559e-22,2.3796667130386395e-43,3.9817150259229335e-44,9,True,True,-0.63,1.0200479742376943e-24,4.284763143991881e-46,1.65708373825009e-39,0.63,1.895816126029579e-22,2.3753819498946476e-43,-1.6570439210998305e-39,False,2182433312535204873061797382324224,
feasible,100,12,Random,9,2.5467390249978052,-0.11,0.0,7.8137457926926e-25,8.76996550214843e-47,3.410798039009506e-38,11,False,True,-0.63,1.0200479742376943e-24,4.284763143991881e-46,1.65708373825009e-39,0.52,-2.3867339496843425e-25,-3.4077665937770376e-46,3.245089665184497e-38,False,2182433312535204873061797382324224,
feasible,100,12,Greedy,9,21.1002158209958,2.6855425557321273e-27,2.6855425557321273e-27,7.989650036529889e-27,8.177249763763638e-53,6.69776306664929e-29,9,True,True,-0.63,1.0200479742376943e-24,4.284763143991881e-46,1.65708373825009e-39,0.63,-1.0120583242011643e-24,-4.2847623262669046e-46,6.697763066483582e-29,False,2182433312535204873061797382324224,
feasible,100,12,SA,9,3.8207539940049173,-0.53,0.0,2.0027000262885067e-24,3.117800670937902e-47,2.1090726772493565e-38,13,False,True,-0.63,1.0200479742376943e-24,4.284763143991881e-46,1.65708373825009e-39,0.09999999999999998,9.826520520508125e-25,-3.97298307689809e-46,1.9433643034243475e-38,False,2182433312535204873061797382324224,
feasible,100,12,Tabu,9,483.66351406500326,1.4449315351785521e-21,1.4449315351785521e-21,4.334794605535657e-21,2.1178986931636218e-40,7.23417502293226e-48,9,True,True,-0.63,1.0200479742376943e-24,4.284763143991881e-46,1.65708373825009e-39,0.63,4.333774557561419e-21,2.1178944084004778e-40,-1.657083731015915e-39,False,2182433312535204873061797382324224,
feasible,100,12,ACO,9,13.512933385005454,-0.06,0.0,1.6601924563678952e-24,1.8308923061584104e-47,3.1221352164213815e-38,11,False,True,-0.63,1.0200479742376943e-24,4.284763143991881e-46,1.65708373825009e-39,0.5700000000000001,6.40144482130201e-25,-4.10167391337604e-46,2.9564268425963725e-38,False,2182433312535204873061797382324224,
infeasible,50,5,NSGA-II,0,22.051421356998617,-0.11999999999997302,0.0,8.093439411328405e-14,1.743511940498072e-28,4.965457068384914e-23,12,False,True,-0.8599999999999487,1.5373931271700775e-13,9.561263147845415e-29,1.7679765891974027e-24,0.7399999999999757,-7.28049186037237e-14,7.873856257135306e-29,4.788659409465174e-23,False,43465206474473472,
infeasible,50,5,BruteForce,0,2.085799496853724e-05,,,,,,,,False,-0.8599999999999487,1.5373931271700775e-13,9.561263147845415e-29,1.7679765891974027e-24,,,,,False,43465206474473472,
infeasible,50,5,GA,0,6.028928665997228,-0.06999999999954692,0.0,1.3592271984943924e-12,5.592837911418948e-25,2.3379203556632835e-30,11,False,True,-0.8599999999999487,1.5373931271700775e-13,9.561263147845415e-29,1.7679765891974027e-24,0.7900000000004017,1.2054878857773846e-12,5.591881785104163e-25,-1.767974251277047e-24,False,43465206474473472,
infeasible,50,5,HillClimb,0,4.201958918994933,-0.0699999999994272,0.0,1.7184266767329994e-12,8.392669892277198e-25,5.084249579682019e-30,11,False,True,-0.8599999999999487,1.5373931271700775e-13,9.561263147845415e-29,1.7679765891974027e-24,0.7900000000005215,1.5646873640159916e-12,8.391713765962414e-25,-1.767971504947823e-24,False,43465206474473472,
infeasible,50,5,PSO,0,10.159538528998382,-0.049999999999649006,0.0,1.0529834832786134e-12,3.8324690633054365e-26,5.189338856221877e-29,10,False,True,-0.8599999999999487,1.5373931271700775e-13,9.561263147845415e-29,1.7679765891974027e-24,0.8100000000002997,8.992441705616056e-13,3.822907800157591e-26,-1.7679246958088405e-24,False,43465206474473472,
infeasible,50,5,Random,0,1.3000283369983663,-0.09999999999999895,0.0,3.166811719559155e-15,4.190404516077425e-31,2.460248799184264e-20,11,False,True,-0.8599999999999487,1.5373931271700775e-13,9.561263147845415e-29,1.7679765891974027e-24,0.7599999999999497,-1.505725009974486e-13,-9.51935910268464e-29,2.4600720015253444e-20,False,43465206474473472,
infeasible,50,5,Greedy,0,2.2376477349971537,-0.04999999999999937,0.0,1.740758516855932e-15,6.44804311884837e-33,1.531600174017023e-16,10,False,True,-0.8599999999999487,1.5373931271700775e-13,9.561263147845415e-29,1.7679765891974027e-24,0.8099999999999493,-1.519985542001518e-13,-9.56061834353353e-29,1.531600156337257e-16,False,43465206474473472,
infeasible,50,5,SA,0,1.9423069249969558,-0.1299999999999407,0.0,1.779409628158579e-13,9.497984411040566e-28,4.7284612334293607e-26,11,False,True,-0.8599999999999487,1.5373931271700775e-13,9.561263147845415e-29,1.7679765891974027e-24,0.730000000000008,2.420165009885016e-14,8.541858096256023e-28,-1.7206919768631093e-24,False,43465206474473472,
infeasible,50,5,Tabu,0,73.57222123099928,-0.04999999999942316,0.0,1.7305230327317944e-12,4.408473289388025e-25,3.9473944617479955e-30,10,False,True,-0.8599999999999487,1.5373931271700775e-13,9.561263147845415e-29,1.7679765891974027e-24,0.8100000000005255,1.5767837200147866e-12,4.4075171630732405e-25,-1.767972641802941e-24,False,43465206474473472,
infeasible,50,5,ACO,0,6.94528083899786,-0.06999999999995687,0.0,1.2938278179595103e-13,3.1778073003003876e-28,2.4034842470022496e-24,11,False,True,-0.8599999999999487,1.5373931271700775e-13,9.561263147845415e-29,1.7679765891974027e-24,0.7899999999999918,-2.4356530921056717e-14,2.221680985515846e-28,6.355076578048469e-25,False,43465206474473472,
infeasible,50,5,NSGA-II,1,20.88039854299859,-0.08999999999976772,0.0,6.968028440149931e-13,2.797274017088998e-26,5.546203935962339e-27,11,False,True,-0.8599999999999487,1.5373931271700775e-13,9.561263147845415e-29,1.7679765891974027e-24,0.770000000000181,5.430635312979853e-13,2.787712753941153e-26,-1.7624303852614403e-24,False,43465206474473472,
infeasible,50,5,BruteForce,1,1.8451995856594294e-05,,,,,,,,False,-0.8599999999999487,1.5373931271700775e-13,9.561263147845415e-29,1.7679765891974027e-24,,,,,False,43465206474473472,
infeasible,50,5,GA,1,5.97350932500558,-0.04999999999962743,0.0,1.1177148225669186e-12,1.045089254982843e-24,1.8842508976665744e-30,10,False,True,-0.8599999999999487,1.5373931271700775e-13,9.561263147845415e-29,1.7679765891974027e-24,0.8100000000003212,9.639755098499108e-13,1.0449936423513646e-24,-1.767974704946505e-24,False,43465206474473472,
infeasible,50,5,HillClimb,1,3.521704159997171,-0.08999999999941383,0.0,1.7585152689400199e-12,1.1508535913952138e-24,5.374381112514625e-30,11,False,True,-0.8599999999999487,1.5373931271700775e-13,9.561263147845415e-29,1.7679765891974027e-24,0.7700000000005349,1.604775956223012e-12,1.1507579787637354e-24,-1.76797121481629e-24,False,43465206474473472,
infeasible,50,5,PSO,1,9.698211027003708,-0.049999999999458034,0.0,1.6258999082038918e-12,5.27469961993445e-25,2.6711691846415025e-30,10,False,True,-0.8599999999999487,1.5373931271700775e-13,9.561263147845415e-29,1.7679765891974027e-24,0.8100000000004907,1.472160595486884e-12,5.273743493619665e-25,-1.767973918028218e-24,False,43465206474473472,
infeasible,50,5,Random,1,1.2711626480013365,-0.06999999999999641,0.0,1.0801316159338286e-14,2.4606724901142364e-28,1.4933247185552801e-24,11,False,True,-0.8599999999999487,1.5373931271700775e-13,9.561263147845415e-29,1.7679765891974027e-24,0.7899999999999523,-1.4293799655766945e-13,1.504546175329695e-28,-2.7465187064212256e-25,False,43465206474473472,
infeasible,50,5,Greedy,1,2.1998291319978307,-0.04999999999999937,0.0,1.740758516855932e-15,6.44804311884837e-33,1.531600174017023e-16,10,False,True,-0.8599999999999487,1.5373931271700775e-13,9.561263147845415e-29,1.7679765891974027e-24,0.8099999999999493,-1.519985542001518e-13,-9.56061834353353e-29,1.531600156337257e-16,False,43465206474473472,
infeasible,50,5,SA,1,1.8768060750007862,-0.5699999999999861,0.0,4.180738117568523e-14,1.705190617036932e-28,2.7421729787415007e-25,14,False,True,-0.8599999999999487,1.5373931271700775e-13,9.561263147845415e-29,1.7679765891974027e-24,0.2899999999999626,-1.1193193154132252e-13,7.490643022523904e-29,-1.4937592913232526e-24,False,43465206474473472,
infeasible,50,5,Tabu,1,71.96932204900077,-0.04999999999942316,0.0,1.7305230327317944e-12,4.408473289388025e-25,3.9473944617479955e-30,10,False,True,-0.8599999999999487,1.5373931271700775e-13,9.561263147845415e-29,1.7679765891974027e-24,0.8100000000005255,1.5767837200147866e-12,4.4075171630732405e-25,-1.767972641802941e-24,False,43465206474473472,
infeasible,50,5,ACO,1,8.084744045998377,-0.08999999999999427,0.0,1.719012473021271e-14,2.598049799945122e-29,6.048300895238e-23,11,False,True,-0.8599999999999487,1.5373931271700775e-13,9.561263147845415e-29,1.7679765891974027e-24,0.7699999999999544,-1.3654918798679503e-13,-6.963213347900293e-29,5.871503236318259e-23,False,43465206474473472,
infeasible,50,5,NSGA-II,2,24.44231712799956,-0.06999999999983204,0.0,5.038824221097752e-13,5.314003652665254e-26,3.0017972733798806e-27,11,False,True,-0.8599999999999487,1.5373931271700775e-13,9.561263147845415e-29,1.7679765891974027e-24,0.7900000000001166,3.501431093927674e-13,5.304442389517409e-26,-1.764974791924023e-24,False,43465206474473472,
infeasible,50,5,BruteForce,2,2.178999420721084e-05,,,,,,,,False,-0.8599999999999487,1.5373931271700775e-13,9.561263147845415e-29,1.7679765891974027e-24,,,,,False,43465206474473472,
infeasible,50,5,GA,2,6.9197008430055575,-0.06999999999954007,0.0,1.3798212024181338e-12,5.494632319583157e-25,2.1526110997820604e-30,11,False,True,-0.8599999999999487,1.5373931271700775e-13,9.561263147845415e-29,1.7679765891974027e-24,0.7900000000004086,1.226081889701126e-12,5.493676193268373e-25,-1.767974436586303e-24,False,43465206474473472,
infeasible,50,5,HillClimb,2,3.6541464699985227,-0.08999999999943686,0.0,1.6893933858918667e-12,1.1056170394271898e-24,5.1631305483160186e-30,11,False,True,-0.8599999999999487,1.5373931271700775e-13,9.561263147845415e-29,1.7679765891974027e-24,0.7700000000005118,1.5356540731748588e-12,1.1055214267957114e-24,-1.7679714260668542e-24,False,43465206474473472,
infeasible,50,5,PSO,2,11.33098264799628,-0.04999999999982636,0.0,5.209392536912795e-13,1.210904412289818e-26,6.970477436148185e-28,10,False,True,-0.8599999999999487,1.5373931271700775e-13,9.561263147845415e-29,1.7679765891974027e-24,0.8100000000001223,3.6719994097427177e-13,1.2013431491419726e-26,-1.767279541453788e-24,False,43465206474473472,
infeasible,50,5,Random,2,1.440974360994005,-0.08999999999999624,0.0,1.1265943590755065e-14,8.027272356264606e-29,1.312226024784072e-24,11,False,True,-0.8599999999999487,1.5373931271700775e-13,9.561263147845415e-29,1.7679765891974027e-24,0.7699999999999525,-1.424733691262527e-13,-1.5339907915808083e-29,-4.557505644133307e-25,False,43465206474473472,
infeasible,50,5,Greedy,2,2.474649452997255,-0.04999999999999937,0.0,1.740758516855932e-15,6.44804311884837e-33,1.531600174017023e-16,10,False,True,-0.8599999999999487,1.5373931271700775e-13,9.561263147845415e-29,1.7679765891974027e-24,0.8099999999999493,-1.519985542001518e-13,-9.56061834353353e-29,1.531600156337257e-16,False,43465206474473472,
infeasible,50,5,SA,2,2.16826522500196,-0.10999999999997416,0.0,7.750070529743189e-14,3.5352407446650658e-28,2.3201907295176655e-25,12,False,True,-0.8599999999999487,1.5373931271700775e-13,9.561263147845415e-29,1.7679765891974027e-24,0.7499999999999746,-7.623860741957586e-14,2.5791144298805244e-28,-1.5359575162456362e-24,False,43465206474473472,
infeasible,50,5,Tabu,2,80.71965415400336,-0.04999999999942316,0.0,1.7305230327317944e-12,8.179413518464552e-25,4.643851726366538e-30,10,False,True,-0.8599999999999487,1.5373931271700775e-13,9.561263147845415e-29,1.7679765891974027e-24,0.8100000000005255,1.5767837200147866e-12,8.178457392149768e-25,-1.7679719453456762e-24,False,43465206474473472,
infeasible,50,5,ACO,2,7.860569585005578,-0.0899999999999715,0.0,8.547018601566946e-14,3.668530820632364e-27,6.497135704835208e-27,11,False,True,-0.8599999999999487,1.5373931271700775e-13,9.561263147845415e-29,1.7679765891974027e-24,0.7699999999999771,-6.826912670133829e-14,3.57291818915391e-27,-1.7614794534925675e-24,False,43465206474473472,
infeasible,50,5,NSGA-II,3,23.794546612996783,-0.08999999999987683,0.0,3.695122979657783e-13,7.468952003480711e-28,3.299792689531206e-24,11,False,True,-0.8599999999999487,1.5373931271700775e-13,9.561263147845415e-29,1.7679765891974027e-24,0.7700000000000718,2.1577298524877057e-13,6.5128256886961695e-28,1.5318161003338034e-24,False,43465206474473472,
infeasible,50,5,BruteForce,3,2.228700031992048e-05,,,,,,,,False,-0.8599999999999487,1.5373931271700775e-13,9.561263147845415e-29,1.7679765891974027e-24,,,,,False,43465206474473472,
infeasible,50,5,GA,3,6.76852363999933,-0.06999999999970447,0.0,8.866063808880611e-13,9.165722400960988e-25,4.6431496295305536e-30,11,False,True,-0.8599999999999487,1.5373931271700775e-13,9.561263147845415e-29,1.7679765891974027e-24,0.7900000000002443,7.328670681710534e-13,9.164766274646204e-25,-1.7679719460477733e-24,False,43465206474473472,
infeasible,50,5,HillClimb,3,3.5830359469982795,-0.11999999999941029,0.0,1.769135367213289e-12,8.64032741856736e-25,5.2342796285350676e-30,12,False,True,-0.8599999999999487,1.5373931271700775e-13,9.561263147845415e-29,1.7679765891974027e-24,0.7400000000005384,1.6153960544962813e-12,8.639371292252577e-25,-1.767971354917774e-24,False,43465206474473472,
infeasible,50,5,PSO,3,11.125560098997084,-0.04999999999980004,0.0,5.998893202977278e-13,2.6204437214417943e-25,1.339253780761193e-29,10,False,True,-0.8599999999999487,1.5373931271700775e-13,9.561263147845415e-29,1.7679765891974027e-24,0.8100000000001486,4.4615000758072007e-13,2.6194875951270096e-25,-1.767963196659595e-24,False,43465206474473472,
infeasible,50,5,Random,3,1.438411045994144,-0.1099999999999905,0.0,2.851391272080191e-14,5.055790008213096e-28,6.048084723041336e-25,12,False,True,-0.8599999999999487,1.5373931271700775e-13,9.561263147845415e-29,1.7679765891974027e-24,0.7499999999999583,-1.2522539999620583e-13,4.099663693428555e-28,-1.1631681168932691e-24,False,43465206474473472,
infeasible,50,5,Greedy,3,2.4790044280016446,-0.04999999999999937,0.0,1.740758516855932e-15,6.44804311884837e-33,1.531600174017023e-16,10,False,True,-0.8599999999999487,1.5373931271700775e-13,9.561263147845415e-29,1.7679765891974027e-24,0.8099999999999493,-1.519985542001518e-13,-9.56061834353353e-29,1.531600156337257e-16,False,43465206474473472,
infeasible,50,5,SA,3,2.161236252002709,-0.36999999999998856,0.0,3.4318320195542114e-14,2.1929034135079357e-28,5.744097647579709e-24,14,False,True,-0.8599999999999487,1.5373931271700775e-13,9.561263147845415e-29,1.7679765891974027e-24,0.48999999999996013,-1.1942099252146564e-13,1.2367770987233943e-28,3.976121058382306e-24,False,43465206474473472,
infeasible,50,5,Tabu,3,80.86080068499723,-0.04999999999942316,0.0,1.7305230327317944e-12,6.104039939152651e-25,4.495643692546329e-30,10,False,True,-0.8599999999999487,1.5373931271700775e-13,9.561263147845415e-29,1.7679765891974027e-24,0.8100000000005255,1.5767837200147866e-12,6.103083812837866e-25,-1.7679720935537102e-24,False,43465206474473472,
infeasible,50,5,ACO,3,7.909694399000728,-0.0699999999999862,0.0,4.143538234338369e-14,1.3512353159033517e-27,6.604445402021414e-26,11,False,True,-0.8599999999999487,1.5373931271700775e-13,9.561263147845415e-29,1.7679765891974027e-24,0.7899999999999625,-1.1230393037362406e-13,1.2556226844248975e-27,-1.7019321351771887e-24,False,43465206474473472,
infeasible,50,5,NSGA-II,4,23.82914628299477,-0.11999999999975997,0.0,7.201055398050982e-13,1.7953055349896983e-25,1.338094611510584e-28,11,False,True,-0.8599999999999487,1.5373931271700775e-13,9.561263147845415e-29,1.7679765891974027e-24,0.7400000000001887,5.663662270880904e-13,1.7943494086749137e-25,-1.7678427797362517e-24,False,43465206474473472,
infeasible,50,5,BruteForce,4,2.299599873367697e-05,,,,,,,,False,-0.8599999999999487,1.5373931271700775e-13,9.561263147845415e-29,1.7679765891974027e-24,,,,,False,43465206474473472,
infeasible,50,5,GA,4,6.755734180005675,-0.06999999999952633,0.0,1.4210102529714108e-12,1.1079775933390915e-24,3.328289395215092e-30,11,False,True,-0.8599999999999487,1.5373931271700775e-13,9.561263147845415e-29,1.7679765891974027e-24,0.7900000000004224,1.267270940254403e-12,1.107881980707613e-24,-1.7679732609080073e-24,False,43465206474473472,
infeasible,50,5,HillClimb,4,3.57114164000086,-0.08999999999941088,0.0,1.767352029085447e-12,6.033074537681964e-25,4.16430631552704e-30,11,False,True,-0.8599999999999487,1.5373931271700775e-13,9.561263147845415e-29,1.7679765891974027e-24,0.7700000000005378,1.6136127163684392e-12,6.0321184113671795e-25,-1.7679724248910872e-24,False,43465206474473472,
infeasible,50,5,PSO,4,10.998609824004234,-0.049999999999610995,0.0,1.167034822999682e-12,1.536738297408493e-25,8.726358738556901e-29,10,False,True,-0.8599999999999487,1.5373931271700775e-13,9.561263147845415e-29,1.7679765891974027e-24,0.8100000000003377,1.0132955102826743e-12,1.5357821710937084e-25,-1.767889325610017e-24,False,43465206474473472,
infeasible,50,5,Random,4,1.4316851920011686,-0.06999999999999236,0.0,2.2947684397531083e-14,7.432853705970238e-30,5.0391344266031415e-22,11,False,True,-0.8599999999999487,1.5373931271700775e-13,9.561263147845415e-29,1.7679765891974027e-24,0.7899999999999563,-1.3079162831947668e-13,-8.817977777248391e-29,5.021454660711168e-22,False,43465206474473472,
infeasible,50,5,Greedy,4,2.470196167996619,-0.04999999999999937,0.0,1.740758516855932e-15,6.44804311884837e-33,1.531600174017023e-16,10,False,True,-0.8599999999999487,1.5373931271700775e-13,9.561263147845415e-29,1.7679765891974027e-24,0.8099999999999493,-1.519985542001518e-13,-9.56061834353353e-29,1.531600156337257e-16,False,43465206474473472,
infeasible,50,5,SA,4,2.1579620970005635,-0.08999999999990457,0.0,2.862879907764074e-13,2.378259359438607e-26,3.5337417540785574e-28,11,False,True,-0.8599999999999487,1.5373931271700775e-13,9.561263147845415e-29,1.7679765891974027e-24,0.7700000000000441,1.3254867805939966e-13,2.3686980962907617e-26,-1.767623215021995e-24,False,43465206474473472,
infeasible,50,5,Tabu,4,80.87136775399995,-0.04999999999942316,0.0,1.7305230327317944e-12,6.1040399391526575e-25,4.495643692546329e-30,10,False,True,-0.8599999999999487,1.5373931271700775e-13,9.561263147845415e-29,1.7679765891974027e-24,0.8100000000005255,1.5767837200147866e-12,6.103083812837873e-25,-1.7679720935537102e-24,False,43465206474473472,
infeasible,50,5,ACO,4,7.85130612100329,-0.06999999999997315,0.0,8.054434894975247e-14,1.0659926985803876e-28,3.7182342723976734e-25,11,False,True,-0.8599999999999487,1.5373931271700775e-13,9.561263147845415e-29,1.7679765891974027e-24,0.7899999999999755,-7.319496376725528e-14,1.098663837958461e-29,-1.3961531619576354e-24,False,43465206474473472,
infeasible,50,5,NSGA-II,5,23.87488278299861,-0.1299999999995854,0.0,1.2438186596633512e-12,1.165843794337155e-24,1.4310735466649428e-29,12,False,True,-0.8599999999999487,1.5373931271700775e-13,9.561263147845415e-29,1.7679765891974027e-24,0.7300000000003632,1.0900793469463434e-12,1.1657481817056766e-24,-1.767962278461936e-24,False,43465206474473472,
infeasible,50,5,BruteForce,5,2.161200245609507e-05,,,,,,,,False,-0.8599999999999487,1.5373931271700775e-13,9.561263147845415e-29,1.7679765891974027e-24,,,,,False,43465206474473472,
infeasible,50,5,GA,5,6.766971945995465,-0.06999999999953233,0.0,1.4030327742022212e-12,1.3383230991546895e-24,5.01964202697646e-30,11,False,True,-0.8599999999999487,1.5373931271700775e-13,9.561263147845415e-29,1.7679765891974027e-24,0.7900000000004164,1.2492934614852134e-12,1.3382274865232111e-24,-1.767971569555376e-24,False,43465206474473472,
infeasible,50,5,HillClimb,5,3.5694582120049745,-0.06999999999941851,0.0,1.7444630051426293e-12,8.245301574634602e-25,4.681259587297095e-30,11,False,True,-0.8599999999999487,1.5373931271700775e-13,9.561263147845415e-29,1.7679765891974027e-24,0.7900000000005302,1.5907236924256215e-12,8.244345448319818e-25,-1.7679719079378155e-24,False,43465206474473472,
infeasible,50,5,PSO,5,11.04948485299974,-0.0499999999995032,0.0,1.4904082491869016e-12,7.068097490712157e-25,2.486338857048266e-30,10,False,True,-0.8599999999999487,1.5373931271700775e-13,9.561263147845415e-29,1.7679765891974027e-24,0.8100000000004455,1.3366689364698938e-12,7.067141364397373e-25,-1.7679741028585456e-24,False,43465206474473472,
infeasible,50,5,Random,5,1.4413304990011966,-0.12999999999998121,0.0,5.6401628369176966e-14,6.397271921663401e-28,4.6132538578018267e-26,12,False,True,-0.8599999999999487,1.5373931271700775e-13,9.561263147845415e-29,1.7679765891974027e-24,0.7299999999999675,-9.733768434783079e-14,5.4411456068788595e-28,-1.7218440506193846e-24,False,43465206474473472,
infeasible,50,5,Greedy,5,2.4829759019994526,-0.04999999999999937,0.0,1.740758516855932e-15,6.44804311884837e-33,1.531600174017023e-16,10,False,True,-0.8599999999999487,1.5373931271700775e-13,9.561263147845415e-29,1.7679765891974027e-24,0.8099999999999493,-1.519985542001518e-13,-9.56061834353353e-29,1.531600156337257e-16,False,43465206474473472,
infeasible,50,5,SA,5,2.1567696829952183,-0.08999999999996816,0.0,9.55151032158321e-14,1.498883980763308e-29,2.995880327908895e-23,11,False,True,-0.8599999999999487,1.5373931271700775e-13,9.561263147845415e-29,1.7679765891974027e-24,0.7699999999999805,-5.822420950117565e-14,-8.062379167082107e-29,2.8190826689891545e-23,False,43465206474473472,
infeasible,50,5,Tabu,5,80.98283905399876,-0.04999999999942316,0.0,1.7305230327317944e-12,8.179413518464552e-25,4.643851726366538e-30,10,False,True,-0.8599999999999487,1.5373931271700775e-13,9.561263147845415e-29,1.7679765891974027e-24,0.8100000000005255,1.5767837200147866e-12,8.178457392149768e-25,-1.7679719453456762e-24,False,43465206474473472,
infeasible,50,5,ACO,5,7.879763044002175,-0.049999999999995014,0.0,1.4961269743829458e-14,2.9741058000996255e-28,7.108802102033312e-24,10,False,True,-0.8599999999999487,1.5373931271700775e-13,9.561263147845415e-29,1.7679765891974027e-24,0.8099999999999536,-1.387780429731783e-13,2.017979485315084e-28,5.3408255128359086e-24,False,43465206474473472,
infeasible,50,5,NSGA-II,6,24.019000375999894,-0.10999999999997863,0.0,6.411113911429083e-14,3.7537248708397783e-28,2.5232510291003148e-23,12,False,True,-0.8599999999999487,1.5373931271700775e-13,9.561263147845415e-29,1.7679765891974027e-24,0.74999999999997,-8.962817360271692e-14,2.797598556055237e-28,2.3464533701805745e-23,False,43465206474473472,
infeasible,50,5,BruteForce,6,4.422700294526294e-05,,,,,,,,False,-0.8599999999999487,1.5373931271700775e-13,9.561263147845415e-29,1.7679765891974027e-24,,,,,False,43465206474473472,
infeasible,50,5,GA,6,6.739866346004419,-0.06999999999956018,0.0,1.3195023061975262e-12,2.425981525048659e-25,2.3882053818496326e-30,11,False,True,-0.8599999999999487,1.5373931271700775e-13,9.561263147845415e-29,1.7679765891974027e-24,0.7900000000003885,1.1657629934805184e-12,2.4250253987338743e-25,-1.767974200992021e-24,False,43465206474473472,
infeasible,50,5,HillClimb,6,3.557233784995333,-0.13999999999941148,0.0,1.7655970964788626e-12,6.227755996027389e-25,4.586760938878247e-30,12,False,True,-0.8599999999999487,1.5373931271700775e-13,9.561263147845415e-29,1.7679765891974027e-24,0.7200000000005372,1.6118577837618548e-12,6.226799869712604e-25,-1.767972002436464e-24,False,43465206474473472,
infeasible,50,5,PSO,6,10.968502892996185,-0.04999999999977355,0.0,6.793519134519396e-13,1.3212697001528056e-26,1.2972951128737222e-27,10,False,True,-0.8599999999999487,1.5373931271700775e-13,9.561263147845415e-29,1.7679765891974027e-24,0.8100000000001751,5.256126007349319e-13,1.3117084370049603e-26,-1.766679294084529e-24,False,43465206474473472,
infeasible,50,5,Random,6,1.4391028579993872,-0.13999999999997842,0.0,6.474138878738137e-14,2.424631863384614e-29,3.617481937005708e-23,12,False,True,-0.8599999999999487,1.5373931271700775e-13,9.561263147845415e-29,1.7679765891974027e-24,0.7199999999999702,-8.899792392962638e-14,-7.136631284460801e-29,3.440684278085968e-23,False,43465206474473472,
infeasible,50,5,Greedy,6,2.4622805059989332,-0.04999999999999937,0.0,1.740758516855932e-15,6.44804311884837e-33,1.531600174017023e-16,10,False,True,-0.8599999999999487,1.5373931271700775e-13,9.561263147845415e-29,1.7679765891974027e-24,0.8099999999999493,-1.519985542001518e-13,-9.56061834353353e-29,1.531600156337257e-16,False,43465206474473472,
infeasible,50,5,SA,6,2.151721322996309,-0.23999999999996216,0.0,1.1347620214724638e-13,8.730070400122065e-29,2.492270549319291e-24,13,False,True,-0.8599999999999487,1.5373931271700775e-13,9.561263147845415e-29,1.7679765891974027e-24,0.6199999999999866,-4.026311056976137e-14,-8.311927477233501e-30,7.242939601218884e-25,False,43465206474473472,
infeasible,50,5,Tabu,6,80.61937981799565,-0.04999999999942316,0.0,1.7305230327317944e-12,6.104039939152651e-25,4.495643692546329e-30,10,False,True,-0.8599999999999487,1.5373931271700775e-13,9.561263147845415e-29,1.7679765891974027e-24,0.8100000000005255,1.5767837200147866e-12,6.103083812837866e-25,-1.7679720935537102e-24,False,43465206474473472,
infeasible,50,5,ACO,6,7.879076514996996,-0.06999999999998101,0.0,5.701027894113244e-14,2.0720076030312265e-28,4.892875154701199e-24,11,False,True,-0.8599999999999487,1.5373931271700775e-13,9.561263147845415e-29,1.7679765891974027e-24,0.7899999999999677,-9.672903377587531e-14,1.1158812882466851e-28,3.1248985655037965e-24,False,43465206474473472,
infeasible,50,5,NSGA-II,7,23.808064602999366,-0.10999999999964821,0.0,1.055361763916756e-12,2.286443222163099e-25,7.915409364196703e-29,12,False,True,-0.8599999999999487,1.5373931271700775e-13,9.561263147845415e-29,1.7679765891974027e-24,0.7500000000003004,9.016224511997483e-13,2.285487095848314e-25,-1.7678974351037606e-24,False,43465206474473472,
infeasible,50,5,BruteForce,7,1.8988997908309102e-05,,,,,,,,False,-0.8599999999999487,1.5373931271700775e-13,9.561263147845415e-29,1.7679765891974027e-24,,,,,False,43465206474473472,
infeasible,50,5,GA,7,6.769572543998947,-0.04999999999968712,0.0,9.386470353586727e-13,8.16761679410429e-26,5.693451478506802e-29,10,False,True,-0.8599999999999487,1.5373931271700775e-13,9.561263147845415e-29,1.7679765891974027e-24,0.8100000000002616,7.849077226416649e-13,8.158055530956445e-26,-1.7679196546826178e-24,False,43465206474473472,
infeasible,50,5,HillClimb,7,3.559223323005426,-0.0699999999994329,0.0,1.701285370632589e-12,4.333990921935778e-25,3.8807021477701356e-30,11,False,True,-0.8599999999999487,1.5373931271700775e-13,9.561263147845415e-29,1.7679765891974027e-24,0.7900000000005158,1.5475460579155812e-12,4.333034795620994e-25,-1.767972708495255e-24,False,43465206474473472,
infeasible,50,5,PSO,7,11.02089731599699,-0.0499999999998815,0.0,3.5550642947461305e-13,9.376405436486413e-27,4.549591416856885e-27,10,False,True,-0.8599999999999487,1.5373931271700775e-13,9.561263147845415e-29,1.7679765891974027e-24,0.8100000000000672,2.017671167576053e-13,9.280792805007958e-27,-1.7634269977805458e-24,False,43465206474473472,
infeasible,50,5,Random,7,1.44841394899413,-0.11999999999997951,0.0,6.145200536007636e-14,2.6359136182514277e-27,6.521578669510872e-26,11,False,True,-0.8599999999999487,1.5373931271700775e-13,9.561263147845415e-29,1.7679765891974027e-24,0.7399999999999691,-9.228730735693139e-14,2.5403009867729735e-27,-1.702760802502294e-24,False,43465206474473472,
infeasible,50,5,Greedy,7,2.477017559001979,-0.04999999999999937,0.0,1.740758516855932e-15,6.44804311884837e-33,1.531600174017023e-16,10,False,True,-0.8599999999999487,1.5373931271700775e-13,9.561263147845415e-29,1.7679765891974027e-24,0.8099999999999493,-1.519985542001518e-13,-9.56061834353353e-29,1.531600156337257e-16,False,43465206474473472,
infeasible,50,5,SA,7,2.1547357110030134,-0.3599999999999974,0.0,7.758583722206636e-15,9.544062753367491e-31,1.2714785157056482e-20,12,False,True,-0.8599999999999487,1.5373931271700775e-13,9.561263147845415e-29,1.7679765891974027e-24,0.4999999999999513,-1.459807289948011e-13,-9.46582252031174e-29,1.2713017180467284e-20,False,43465206474473472,
infeasible,50,5,Tabu,7,80.56949791700026,-0.04999999999942316,0.0,1.7305230327317944e-12,6.104039939152651e-25,4.495643692546329e-30,10,False,True,-0.8599999999999487,1.5373931271700775e-13,9.561263147845415e-29,1.7679765891974027e-24,0.8100000000005255,1.5767837200147866e-12,6.103083812837866e-25,-1.7679720935537102e-24,False,43465206474473472,
infeasible,50,5,ACO,7,7.846044259000337,-0.08999999999998616,0.0,4.149627811655127e-14,2.4933964527385287e-27,1.2503752341131587e-25,11,False,True,-0.8599999999999487,1.5373931271700775e-13,9.561263147845415e-29,1.7679765891974027e-24,0.7699999999999625,-1.1224303460045648e-13,2.3977838212600745e-27,-1.6429390657860869e-24,False,43465206474473472,
infeasible,50,5,NSGA-II,8,23.881370845003403,-0.08999999999981256,0.0,5.622964653982767e-13,6.718549186828489e-27,3.1997394634225996e-26,11,False,True,-0.8599999999999487,1.5373931271700775e-13,9.561263147845415e-29,1.7679765891974027e-24,0.7700000000001361,4.0855715268126895e-13,6.622936555350035e-27,-1.7359791945631767e-24,False,43465206474473472,
infeasible,50,5,BruteForce,8,2.244600182166323e-05,,,,,,,,False,-0.8599999999999487,1.5373931271700775e-13,9.561263147845415e-29,1.7679765891974027e-24,,,,,False,43465206474473472,
infeasible,50,5,GA,8,6.71681505000015,-0.06999999999946059,0.0,1.6182618314219955e-12,6.422618244888451e-25,4.061041627995782e-30,11,False,True,-0.8599999999999487,1.5373931271700775e-13,9.561263147845415e-29,1.7679765891974027e-24,0.7900000000004881,1.4645225187049877e-12,6.421662118573666e-25,-1.7679725281557746e-24,False,43465206474473472,
infeasible,50,5,HillClimb,8,2.3748495550025837,-0.08999999999943119,0.0,1.7064148742626355e-12,1.1167566873838437e-24,5.215151686387732e-30,11,False,True,-0.8599999999999487,1.5373931271700775e-13,9.561263147845415e-29,1.7679765891974027e-24,0.7700000000005175,1.5526755615456277e-12,1.1166610747523653e-24,-1.767971374045716e-24,False,43465206474473472,
infeasible,50,5,PSO,8,10.9835601770028,-0.04999999999982946,0.0,5.116328966337482e-13,5.716794394625765e-26,3.1578191739292432e-28,10,False,True,-0.8599999999999487,1.5373931271700775e-13,9.561263147845415e-29,1.7679765891974027e-24,0.8100000000001193,3.5789358391674043e-13,5.70723313147792e-26,-1.76766080728001e-24,False,43465206474473472,
infeasible,50,5,Random,8,1.4823899830007576,-0.06999999999994432,0.0,1.670635733103558e-13,2.9347521021219456e-27,3.390997308771563e-26,11,False,True,-0.8599999999999487,1.5373931271700775e-13,9.561263147845415e-29,1.7679765891974027e-24,0.7900000000000044,1.3324260593348057e-14,2.8391394706434914e-27,-1.734066616109687e-24,False,43465206474473472,
infeasible,50,5,Greedy,8,2.465033266998944,-0.04999999999999937,0.0,1.740758516855932e-15,6.44804311884837e-33,1.531600174017023e-16,10,False,True,-0.8599999999999487,1.5373931271700775e-13,9.561263147845415e-29,1.7679765891974027e-24,0.8099999999999493,-1.519985542001518e-13,-9.56061834353353e-29,1.531600156337257e-16,False,43465206474473472,
infeasible,50,5,SA,8,2.154482804995496,-0.12999999999998746,0.0,3.760615115910943e-14,2.4102386038975406e-29,2.5614467674803226e-23,11,False,True,-0.8599999999999487,1.5373931271700775e-13,9.561263147845415e-29,1.7679765891974027e-24,0.7299999999999612,-1.1613316155789832e-13,-7.151024543947874e-29,2.3846491085605823e-23,False,43465206474473472,
infeasible,50,5,Tabu,8,81.66405883699917,-0.04999999999942316,0.0,1.7305230327317944e-12,6.1040399391526575e-25,4.495643692546329e-30,10,False,True,-0.8599999999999487,1.5373931271700775e-13,9.561263147845415e-29,1.7679765891974027e-24,0.8100000000005255,1.5767837200147866e-12,6.103083812837873e-25,-1.7679720935537102e-24,False,43465206474473472,
infeasible,50,5,ACO,8,8.071461490006186,-0.06999999999997406,0.0,7.785931857889842e-14,2.0706591581196676e-27,4.497529838876137e-27,11,False,True,-0.8599999999999487,1.5373931271700775e-13,9.561263147845415e-29,1.7679765891974027e-24,0.7899999999999746,-7.587999413810933e-14,1.9750465266412134e-27,-1.7634790593585264e-24,False,43465206474473472,
infeasible,50,5,NSGA-II,9,24.480308676000277,-0.2199999999998703,0.0,3.890908349419608e-13,5.410201342043813e-28,7.512515058113297e-25,12,False,True,-0.8599999999999487,1.5373931271700775e-13,9.561263147845415e-29,1.7679765891974027e-24,0.6400000000000784,2.3535152222495306e-13,4.454075027259272e-28,-1.016725083386073e-24,False,43465206474473472,
infeasible,50,5,BruteForce,9,2.2684995201416314e-05,,,,,,,,False,-0.8599999999999487,1.5373931271700775e-13,9.561263147845415e-29,1.7679765891974027e-24,,,,,False,43465206474473472,
infeasible,50,5,GA,9,6.940598178000073,-0.04999999999962743,0.0,1.1177148225669188e-12,5.451237163336437e-25,1.4527002756548972e-30,10,False,True,-0.8599999999999487,1.5373931271700775e-13,9.561263147845415e-29,1.7679765891974027e-24,0.8100000000003212,9.63975509849911e-13,5.450281037021653e-25,-1.767975136497127e-24,False,43465206474473472,
infeasible,50,5,HillClimb,9,3.657271763004246,-0.06999999999942143,0.0,1.735740690116917e-12,6.12244407967271e-25,4.509198397146972e-30,11,False,True,-0.8599999999999487,1.5373931271700775e-13,9.561263147845415e-29,1.7679765891974027e-24,0.7900000000005273,1.5820013773999092e-12,6.1214879533579255e-25,-1.7679720799990055e-24,False,43465206474473472,
infeasible,50,5,PSO,9,11.293777234001027,-0.049999999999710304,0.0,8.691022459883203e-13,1.829382599146649e-25,4.730915712456253e-29,10,False,True,-0.8599999999999487,1.5373931271700775e-13,9.561263147845415e-29,1.7679765891974027e-24,0.8100000000002384,7.153629332713125e-13,1.8284264728318643e-25,-1.767929280040278e-24,False,43465206474473472,
infeasible,50,5,Random,9,1.472304680995876,-0.1299999999999937,0.0,1.8900648619921682e-14,6.094083674101506e-30,1.5913206496580467e-22,11,False,True,-0.8599999999999487,1.5373931271700775e-13,9.561263147845415e-29,1.7679765891974027e-24,0.729999999999955,-1.3483866409708608e-13,-8.951854780435264e-29,1.5736408837660727e-22,False,43465206474473472,
infeasible,50,5,Greedy,9,2.531978913000785,-0.04999999999999937,0.0,1.740758516855932e-15,6.44804311884837e-33,1.531600174017023e-16,10,False,True,-0.8599999999999487,1.5373931271700775e-13,9.561263147845415e-29,1.7679765891974027e-24,0.8099999999999493,-1.519985542001518e-13,-9.56061834353353e-29,1.531600156337257e-16,False,43465206474473472,
infeasible,50,5,SA,9,2.1931143709953176,-1.2999999999999836,0.0,4.9497981556366135e-14,3.016635065877166e-29,3.385341427715182e-24,18,False,True,-0.8599999999999487,1.5373931271700775e-13,9.561263147845415e-29,1.7679765891974027e-24,-0.4400000000000349,-1.0424133116064161e-13,-6.544628081968249e-29,1.6173648385177793e-24,False,43465206474473472,
infeasible,50,5,Tabu,9,83.17141996199643,-0.04999999999942316,0.0,1.7305230327317944e-12,4.408473289388025e-25,3.9473944617479955e-30,10,False,True,-0.8599999999999487,1.5373931271700775e-13,9.561263147845415e-29,1.7679765891974027e-24,0.8100000000005255,1.5767837200147866e-12,4.4075171630732405e-25,-1.767972641802941e-24,False,43465206474473472,
infeasible,50,5,ACO,9,8.058277721000195,-0.06999999999999655,0.0,1.0355073091727258e-14,1.6033948031483113e-30,1.75698646072955e-20,11,False,True,-0.8599999999999487,1.5373931271700775e-13,9.561263147845415e-29,1.7679765891974027e-24,0.7899999999999522,-1.433842396252805e-13,-9.400923667530583e-29,1.7568096630706303e-20,False,43465206474473472,
